side,threshold,sport,period,bets,avg_price,won_pct,edge_pts,roi,ci_lo,ci_hi,pnl_usd,in_play_share
favorite >= 60%,0.6,tennis,dev,1306,0.7018353939056396,0.696018397808075,-0.005816996097564697,-0.013070514586798357,-0.05003745888442209,0.023288533199260466,-1730.5283203125,0.1447166921898928
favorite >= 60%,0.6,tennis,holdout,858,0.681368887424469,0.6981351971626282,0.01676630973815918,0.011016937502440595,-0.03520617019553345,0.060052079718292926,967.49169921875,0.19696969696969696
favorite >= 60%,0.6,tennis,all,2164,0.6937206387519836,0.6968576908111572,0.003137052059173584,-0.003520129239031711,-0.030998303268443494,0.025136662003314787,-763.036865234375,0.16543438077634012
favorite >= 60%,0.6,esports,dev,2017,0.6988423466682434,0.6742687225341797,-0.02457362413406372,-0.035229705484656926,-0.06439000238361088,-0.005702181271474561,-7154.423828125,0.1700545364402578
favorite >= 60%,0.6,esports,holdout,995,0.6796743273735046,0.655276358127594,-0.024397969245910645,-0.047693683330587405,-0.09064666051647671,-0.005661703650718107,-4807.4033203125,0.19899497487437187
favorite >= 60%,0.6,esports,all,3012,0.6925102472305298,0.6679946780204773,-0.02451556921005249,-0.03934712180494273,-0.06247580562027702,-0.014839208330650245,-11961.826171875,0.17961487383798141
favorite >= 60%,0.6,basketball,dev,2452,0.6994211673736572,0.6888254284858704,-0.010595738887786865,-0.01594567710691744,-0.04290951617800085,0.011519676064149435,-3904.3876953125,0.15579119086460033
favorite >= 60%,0.6,basketball,holdout,94,0.6809430122375488,0.7021276354789734,0.02118462324142456,0.006503904674281465,-0.1318001042139974,0.1395403810479538,60.22926712036133,0.24468085106382978
favorite >= 60%,0.6,basketball,all,2546,0.6987389326095581,0.6893165707588196,-0.009422361850738525,-0.015116823734005932,-0.04248771909288718,0.010636798677190855,-3844.15869140625,0.15907305577376277
favorite >= 60%,0.6,american_football,dev,778,0.7072634696960449,0.7120822668075562,0.0048187971115112305,0.005694020769958669,-0.04158357276602476,0.04876299046536913,442.9949951171875,0.2185089974293059
favorite >= 60%,0.6,american_football,holdout,65,0.6915298104286194,0.5692307949066162,-0.12229901552200317,-0.20239915079795398,-0.3767559622500378,-0.023330889147921304,-1335.6353759765625,0.27692307692307694
favorite >= 60%,0.6,american_football,all,843,0.7060503363609314,0.7010676264762878,-0.004982709884643555,-0.010351122945242187,-0.0536921836662273,0.032183153301707755,-892.640869140625,0.22301304863582444
favorite >= 60%,0.6,soccer,dev,3356,0.7151401042938232,0.7184147834777832,0.003274679183959961,0.0028727719668771834,-0.017034865592742813,0.02304402382383206,971.101318359375,0.22616209773539928
favorite >= 60%,0.6,soccer,holdout,1278,0.6918655037879944,0.6917057633399963,-0.00015974044799804688,-0.018545836648220234,-0.05409335722967021,0.0155495335956292,-2432.65185546875,0.325508607198748
favorite >= 60%,0.6,soccer,all,4634,0.7087212204933167,0.7110487818717957,0.002327561378479004,-0.0030342159075497695,-0.021409124641653444,0.014599115856003314,-1461.5506591796875,0.2535606387570134
favorite >= 60%,0.6,cricket,dev,142,0.6830723285675049,0.6971830725669861,0.014110743999481201,0.029063233148149202,-0.092124897281272,0.14185714757325724,416.0821533203125,0.352112676056338
favorite >= 60%,0.6,cricket,all,162,0.685263454914093,0.6975308656692505,0.01226741075515747,0.020584213754369154,-0.08943650600569392,0.1327320127998029,333.9704284667969,0.35802469135802467
favorite >= 60%,0.6,baseball,dev,1947,0.634131908416748,0.6019517183303833,-0.032180190086364746,-0.05411722670291547,-0.08747441398085568,-0.018645583487268396,-10592.140625,0.6332819722650231
favorite >= 60%,0.6,baseball,holdout,668,0.6250767707824707,0.6482036113739014,0.023126840591430664,0.019915132986905868,-0.04100631867761272,0.07763685210235677,1350.227783203125,0.655688622754491
favorite >= 60%,0.6,baseball,all,2615,0.6318187713623047,0.6137667298316956,-0.01805204153060913,-0.03520570996379476,-0.06476290143414598,-0.005093003685335088,-9241.9140625,0.6390057361376673
favorite >= 60%,0.6,hockey,dev,1569,0.6479712128639221,0.6437221169471741,-0.004249095916748047,-0.00549619127993298,-0.039937397726165065,0.02854836779564068,-854.5008544921875,0.5092415551306565
favorite >= 60%,0.6,hockey,all,1569,0.6479712128639221,0.6437221169471741,-0.004249095916748047,-0.00549619127993298,-0.039937397726165065,0.02854836779564068,-854.5008544921875,0.5092415551306565
favorite >= 60%,0.6,mma_boxing,dev,119,0.6809980273246765,0.6218487620353699,-0.05914926528930664,-0.09320507392662913,-0.2245542911907374,0.035857737008351556,-1114.1468505859375,0.31092436974789917
favorite >= 60%,0.6,mma_boxing,holdout,43,0.6864500045776367,0.6279069781303406,-0.05854302644729614,-0.0824728781400725,-0.2998020001795403,0.11813201063940687,-357.6444396972656,0.20930232558139536
favorite >= 60%,0.6,mma_boxing,all,162,0.6824451684951782,0.6234567761421204,-0.05898839235305786,-0.09035640467464189,-0.2008164769056126,0.01272441462496009,-1471.791259765625,0.2839506172839506
favorite >= 60%,0.6,other,dev,81,0.7320284247398376,0.790123462677002,0.05809503793716431,0.06908487018059802,-0.05408603069126745,0.18822536542761223,559.5875244140625,0.1728395061728395
favorite >= 60%,0.6,other,all,86,0.72539883852005,0.7906976938247681,0.06529885530471802,0.08130751719135185,-0.043290752660005545,0.20231061041594856,700.6109619140625,0.1744186046511628
favorite >= 60%,0.6,ALL,dev,13767,0.6886071562767029,0.6785792112350464,-0.010027945041656494,-0.016598718102244503,-0.028557656636462724,-0.005075589993050652,-22960.36328125,0.288806566426963
favorite >= 60%,0.6,ALL,holdout,4026,0.6751682758331299,0.6746150255203247,-0.0005532503128051758,-0.01586876029446647,-0.03816323170608856,0.005653649670757666,-6496.4736328125,0.31793343268753105
favorite >= 60%,0.6,ALL,all,17793,0.6855663657188416,0.6776822209358215,-0.00788414478302002,-0.016433551456141296,-0.026594077860393934,-0.006440044750314994,-29456.8359375,0.2953970662620132
underdog <= 40%,0.6,tennis,dev,1304,0.3098216950893402,0.3059816062450409,-0.0038400888442993164,-0.010289982418341139,-0.11634866641434423,0.11169619759990392,-1245.15625,0.18865030674846625
underdog <= 40%,0.6,tennis,holdout,859,0.32265767455101013,0.30267754197120667,-0.019980132579803467,-0.06552554689547235,-0.18683535290472167,0.06611310128421792,-5787.5126953125,0.2479627473806752
underdog <= 40%,0.6,tennis,all,2163,0.31491929292678833,0.30466943979263306,-0.010249853134155273,-0.03222588157962441,-0.1139769476015591,0.05696732971302293,-7032.66748046875,0.21220527045769763
underdog <= 40%,0.6,esports,dev,2015,0.3219977617263794,0.31761786341667175,-0.004379898309707642,-0.01529308714286861,-0.08296601697026057,0.0553335221869773,-3073.623046875,0.22977667493796525
underdog <= 40%,0.6,esports,holdout,997,0.3303064703941345,0.33199599385261536,0.001689523458480835,0.024624813762806362,-0.07787224965359765,0.13025149992081436,2606.625,0.24473420260782347
underdog <= 40%,0.6,esports,all,3012,0.32474803924560547,0.32237714529037476,-0.002370893955230713,-0.0020798908603460505,-0.06044235665549334,0.05372684732633592,-466.99908447265625,0.23472775564409032
underdog <= 40%,0.6,basketball,dev,2451,0.30971887707710266,0.3051815629005432,-0.004537314176559448,-0.03254584831298492,-0.09410128477323984,0.02918782410257838,-8087.2978515625,0.19543043655650755
underdog <= 40%,0.6,basketball,holdout,93,0.31798043847084045,0.301075279712677,-0.016905158758163452,-0.16931566756258729,-0.4210240427524813,0.09550406650830336,-1639.8729248046875,0.27956989247311825
underdog <= 40%,0.6,basketball,all,2544,0.31002089381217957,0.3050314486026764,-0.004989445209503174,-0.03754568840347746,-0.09667285069143809,0.02615015692657452,-9727.1708984375,0.1985062893081761
underdog <= 40%,0.6,american_football,dev,778,0.299282431602478,0.28791773319244385,-0.01136469841003418,-0.07789638309061987,-0.18300227676458405,0.03883249150220408,-6060.33837890625,0.2467866323907455
underdog <= 40%,0.6,american_football,holdout,65,0.31142452359199524,0.4153846204280853,0.10396009683609009,0.35077309975257287,-0.1465553766489029,0.973863925796288,2355.4091796875,0.3076923076923077
underdog <= 40%,0.6,american_football,all,843,0.3002186715602875,0.2977461516857147,-0.002472519874572754,-0.04484357599120406,-0.15062076556866422,0.07243278515862109,-3704.9296875,0.2514827995255042
underdog <= 40%,0.6,soccer,dev,3351,0.2937479615211487,0.27484333515167236,-0.01890462636947632,-0.07946944304346433,-0.13911620663690152,-0.018343340044594945,-26905.658203125,0.25932557445538645
underdog <= 40%,0.6,soccer,holdout,1276,0.3116114139556885,0.2985893487930298,-0.013022065162658691,-0.11380613158489096,-0.19541846836917587,-0.029619087110104674,-15061.765625,0.359717868338558
underdog <= 40%,0.6,soccer,all,4627,0.29867422580718994,0.28139182925224304,-0.0172823965549469,-0.08893856225220874,-0.14037470367778265,-0.03998508769481925,-41967.421875,0.28701102226064407
underdog <= 40%,0.6,cricket,dev,142,0.3219318687915802,0.30985915660858154,-0.012072712182998657,-0.03054955139966078,-0.3066923248516002,0.28601085174251584,-426.0820007324219,0.4084507042253521
underdog <= 40%,0.6,cricket,all,162,0.31934767961502075,0.3086419701576233,-0.010705709457397461,-0.0576138143186216,-0.3165953228319133,0.23793209649530414,-949.883544921875,0.4074074074074074
underdog <= 40%,0.6,baseball,dev,1944,0.36949026584625244,0.38425925374031067,0.014768987894058228,0.030468016985512564,-0.026570349943981247,0.08786765399845042,5950.78955078125,0.6882716049382716
underdog <= 40%,0.6,baseball,holdout,668,0.37424805760383606,0.341317355632782,-0.03293070197105408,-0.12336554302426869,-0.2162929267717336,-0.021776891191919442,-8485.771484375,0.7035928143712575
underdog <= 40%,0.6,baseball,all,2612,0.37070703506469727,0.3732771873474121,0.0025701522827148438,-0.008873796983298262,-0.05843467232963758,0.038056312466060185,-2534.98291015625,0.6921898928024502
underdog <= 40%,0.6,hockey,dev,1568,0.3592150807380676,0.34119898080825806,-0.01801609992980957,-0.053979093018843204,-0.11857687412780159,0.011404287203081995,-8504.7451171875,0.5644132653061225
underdog <= 40%,0.6,hockey,all,1568,0.3592150807380676,0.34119898080825806,-0.01801609992980957,-0.053979093018843204,-0.11857687412780159,0.011404287203081995,-8504.7451171875,0.5644132653061225
underdog <= 40%,0.6,mma_boxing,dev,118,0.32840582728385925,0.3644067943096161,0.036000967025756836,0.06348414946410616,-0.18997499592560158,0.33082560982744563,759.145263671875,0.3305084745762712
underdog <= 40%,0.6,mma_boxing,holdout,43,0.3137006163597107,0.3720930218696594,0.05839240550994873,0.3710627361785534,-0.1857569843530655,1.0547482403904889,1666.56884765625,0.2558139534883721
underdog <= 40%,0.6,mma_boxing,all,161,0.3244783282279968,0.3664596378803253,0.04198130965232849,0.14563246765492124,-0.10067286463627904,0.40828338459932356,2425.7138671875,0.3105590062111801
underdog <= 40%,0.6,other,dev,81,0.2782607972621918,0.1975308656692505,-0.08072993159294128,-0.4543976872055619,-0.6640315788378427,-0.22879220232380654,-3680.62109375,0.19753086419753085
underdog <= 40%,0.6,other,all,86,0.28464093804359436,0.19767442345619202,-0.08696651458740234,-0.4571860515794089,-0.6603717718004807,-0.23582252043892038,-3935.85107421875,0.20930232558139536
underdog <= 40%,0.6,ALL,dev,13752,0.321239709854126,0.31391796469688416,-0.007321745157241821,-0.03708344849651119,-0.0652648556245343,-0.009163311764389115,-51273.58984375,0.3334060500290867
underdog <= 40%,0.6,ALL,holdout,4026,0.32919928431510925,0.31743666529655457,-0.011762619018554688,-0.06057076737232843,-0.10857695383910357,-0.010868015018402984,-25125.3515625,0.3609041231992052
underdog <= 40%,0.6,ALL,all,17778,0.32304224371910095,0.31471481919288635,-0.0083274245262146,-0.04240237896079515,-0.06626245483751415,-0.01751482870607605,-76398.9453125,0.3396332545843177
favorite >= 70%,0.7,tennis,dev,1301,0.7512009143829346,0.7509608268737793,-0.00024008750915527344,-0.004454656238513759,-0.03560380158075443,0.026963378455819847,-588.423828125,0.44427363566487316
favorite >= 70%,0.7,tennis,holdout,863,0.7375496029853821,0.735805332660675,-0.0017442703247070312,-0.015662950136604896,-0.05518866718497434,0.022928789092674585,-1368.76416015625,0.526071842410197
favorite >= 70%,0.7,tennis,all,2164,0.7457567453384399,0.7449167966842651,-0.0008399486541748047,-0.008924507270885593,-0.03214090888653348,0.014827505593698515,-1957.18798828125,0.47689463955637706
favorite >= 70%,0.7,esports,dev,2011,0.7493484616279602,0.7265042066574097,-0.022844254970550537,-0.03174615585699507,-0.0583579174209338,-0.005281976765542265,-6390.4736328125,0.47687717553455994
favorite >= 70%,0.7,esports,holdout,1001,0.7367289662361145,0.7202796936035156,-0.016449272632598877,-0.03109579586743058,-0.07069442164113575,0.0056183934780490805,-3138.181640625,0.5334665334665335
favorite >= 70%,0.7,esports,all,3012,0.7451545000076294,0.724435567855835,-0.020718932151794434,-0.031530016962720814,-0.05297495036724716,-0.009954476020027025,-9528.65625,0.4956839309428951
favorite >= 70%,0.7,basketball,dev,2452,0.7469499111175537,0.7385807633399963,-0.008369147777557373,-0.012314346461704222,-0.03582902592060849,0.010640869779122196,-3014.45703125,0.4559543230016313
favorite >= 70%,0.7,basketball,holdout,93,0.7348294854164124,0.7956989407539368,0.060869455337524414,0.06601554820294021,-0.04466005599787159,0.16889841387909582,619.33642578125,0.4946236559139785
favorite >= 70%,0.7,basketball,all,2545,0.7465069890022278,0.740667998790741,-0.005838990211486816,-0.00945199667631643,-0.03256856149297632,0.013484457008987058,-2395.12060546875,0.4573673870333988
favorite >= 70%,0.7,american_football,dev,778,0.756023645401001,0.7480719685554504,-0.007951676845550537,-0.012595743955421838,-0.052294744392434984,0.02660312162241461,-979.94873046875,0.5038560411311054
favorite >= 70%,0.7,american_football,holdout,65,0.7517598867416382,0.6307692527770996,-0.12099063396453857,-0.1761359862410105,-0.33536844991577364,-0.024793845472427523,-1157.802978515625,0.6307692307692307
favorite >= 70%,0.7,american_football,all,843,0.7556948661804199,0.7390272617340088,-0.016667604446411133,-0.025205608425840895,-0.06509010148823509,0.013924261422931102,-2137.751953125,0.5136417556346382
favorite >= 70%,0.7,soccer,dev,3354,0.7725024223327637,0.7620751261711121,-0.010427296161651611,-0.013960424293200255,-0.03286841937145679,0.005089783188682392,-4684.55908203125,0.5089445438282647
favorite >= 70%,0.7,soccer,holdout,1279,0.7566245198249817,0.7568413019180298,0.0002167820930480957,-0.011501725527885325,-0.042715212240190925,0.017642835415029416,-1488.393798828125,0.6333072713057076
favorite >= 70%,0.7,soccer,all,4633,0.7681190967559814,0.7606302499771118,-0.007488846778869629,-0.013281668471737316,-0.029376761630926156,0.002904829136145991,-6172.9521484375,0.5432764947118498
favorite >= 70%,0.7,cricket,dev,142,0.7555773854255676,0.7605633735656738,0.004985988140106201,0.009109041548635758,-0.08816010128660784,0.10126109480182303,135.89700317382812,0.6267605633802817
favorite >= 70%,0.7,cricket,all,162,0.7560701966285706,0.7592592835426331,0.0031890869140625,0.0038130936546274174,-0.08612352205946305,0.09590810057620895,67.15283966064453,0.6111111111111112
favorite >= 70%,0.7,baseball,dev,1928,0.7334631085395813,0.7085062265396118,-0.024956881999969482,-0.03504497194672351,-0.06398072274556602,-0.005966638540317735,-6769.45703125,0.9403526970954357
favorite >= 70%,0.7,baseball,holdout,671,0.7215796113014221,0.7183308601379395,-0.003248751163482666,-0.01657650133680924,-0.0649840215309183,0.028563425393050564,-1125.0926513671875,0.9582712369597616
favorite >= 70%,0.7,baseball,all,2599,0.7303950786590576,0.7110427021980286,-0.019352376461029053,-0.03027685198548747,-0.053693971403334435,-0.0074091243631718715,-7894.5498046875,0.944978838014621
favorite >= 70%,0.7,hockey,dev,1568,0.7407962083816528,0.7283163070678711,-0.012479901313781738,-0.014218816239082692,-0.046424027756913754,0.01380217115918043,-2227.82177734375,0.8947704081632653
favorite >= 70%,0.7,hockey,all,1568,0.7407962083816528,0.7283163070678711,-0.012479901313781738,-0.014218816239082692,-0.046424027756913754,0.01380217115918043,-2227.82177734375,0.8947704081632653
favorite >= 70%,0.7,mma_boxing,dev,119,0.7498074769973755,0.6890756487846375,-0.06073182821273804,-0.08958023154184598,-0.201561467394874,0.025508332924475345,-1073.8359375,0.6218487394957983
favorite >= 70%,0.7,mma_boxing,holdout,43,0.7401531338691711,0.6511628031730652,-0.08899033069610596,-0.12200816252896952,-0.31775077994652956,0.06361315812655646,-529.7484741210938,0.6046511627906976
favorite >= 70%,0.7,mma_boxing,all,162,0.7472448348999023,0.6790123581886292,-0.0682324767112732,-0.09818764532237877,-0.19526052870202976,-0.0037055009297658785,-1603.5841064453125,0.6172839506172839
favorite >= 70%,0.7,other,dev,81,0.7828214764595032,0.8765432238578796,0.09372174739837646,0.11823242842967127,0.020726580070638788,0.20309227511354525,957.6827392578125,0.4444444444444444
favorite >= 70%,0.7,other,all,86,0.7797279357910156,0.8720930218696594,0.0923650860786438,0.116292419951669,0.022254468965610223,0.20498215018913557,1000.0947265625,0.47674418604651164
favorite >= 70%,0.7,ALL,dev,13734,0.7521877288818359,0.7394786477088928,-0.012709081172943115,-0.01791947745175977,-0.02727315535881232,-0.007978445558306745,-24635.39453125,0.5948012232415902
favorite >= 70%,0.7,ALL,holdout,4040,0.7410255074501038,0.7346534729003906,-0.006372034549713135,-0.020119985743739303,-0.03843486540244854,-0.0020282493643501574,-8214.9794921875,0.6358910891089109
favorite >= 70%,0.7,ALL,all,17774,0.7496505379676819,0.7383819222450256,-0.01126861572265625,-0.018419649247618738,-0.02680596248152992,-0.010044644148026796,-32850.375,0.6041408799369866
underdog <= 30%,0.7,tennis,dev,1299,0.25420311093330383,0.2401847541332245,-0.014018356800079346,-0.046592838310846645,-0.1552841587742078,0.08018181581878951,-6045.587890625,0.4865280985373364
underdog <= 30%,0.7,tennis,holdout,863,0.26045069098472595,0.25840091705322266,-0.002049773931503296,-0.022627114697099424,-0.15261825523398567,0.11866107355125534,-2010.017333984375,0.5701042873696408
underdog <= 30%,0.7,tennis,all,2162,0.2566969394683838,0.24745605885982513,-0.009240880608558655,-0.03702650182672831,-0.1186877251856863,0.06049012011890604,-8055.60546875,0.5198889916743756
underdog <= 30%,0.7,esports,dev,2011,0.2622601389884949,0.25111883878707886,-0.011141300201416016,-0.04641064786602762,-0.12326263474445921,0.03224417011516116,-9413.0322265625,0.5524614619592243
underdog <= 30%,0.7,esports,holdout,1001,0.26502037048339844,0.2627372741699219,-0.0022830963134765625,0.010358796848521961,-0.10186980689714055,0.1259478923847709,1126.3818359375,0.5934065934065934
underdog <= 30%,0.7,esports,all,3012,0.2631774842739105,0.25498008728027344,-0.008197396993637085,-0.027544042899472463,-0.09191467441680974,0.03450122933257264,-8286.65234375,0.5660690571049137
underdog <= 30%,0.7,basketball,dev,2449,0.2572503685951233,0.24663127958774567,-0.010619089007377625,-0.05016711012301712,-0.1211522648314059,0.021683382603429974,-12437.09765625,0.5051041241322989
underdog <= 30%,0.7,basketball,holdout,93,0.26289308071136475,0.20430107414722443,-0.05859200656414032,-0.30763949886445074,-0.5636041122739033,-0.02253335169566577,-2959.64404296875,0.5053763440860215
underdog <= 30%,0.7,basketball,all,2542,0.25745680928230286,0.24508261680603027,-0.012374192476272583,-0.05958683166233786,-0.12552767462565334,0.0073229046270285505,-15396.7421875,0.5051140833988985
underdog <= 30%,0.7,american_football,dev,777,0.24825814366340637,0.23552124202251434,-0.012736901640892029,-0.08140629292148113,-0.20081879693722327,0.04560141469060681,-6325.2685546875,0.5276705276705277
underdog <= 30%,0.7,american_football,holdout,65,0.24603991210460663,0.35384616255760193,0.1078062504529953,0.4279498393719013,-0.12412861200479361,1.0984066622073831,2878.33544921875,0.6923076923076923
underdog <= 30%,0.7,american_football,all,842,0.24808688461780548,0.244655579328537,-0.0034313052892684937,-0.042085451354889857,-0.15967500042037555,0.08657911161487256,-3446.93359375,0.5403800475059383
underdog <= 30%,0.7,soccer,dev,3349,0.23901554942131042,0.2293221801519394,-0.009693369269371033,-0.039624598105297615,-0.10833629886061194,0.03822199036033478,-13566.73046875,0.5329949238578681
underdog <= 30%,0.7,soccer,holdout,1274,0.24607327580451965,0.23390895128250122,-0.012164324522018433,-0.11111624461702499,-0.20197617602525897,-0.014607572726035729,-14722.1240234375,0.6499215070643642
underdog <= 30%,0.7,soccer,all,4623,0.2409605085849762,0.2305862009525299,-0.010374307632446289,-0.059326168007080154,-0.11712077355526801,0.0031663187845578653,-28288.853515625,0.5652173913043478
underdog <= 30%,0.7,cricket,dev,142,0.24886807799339294,0.21830986440181732,-0.030558213591575623,-0.09569180347550084,-0.40041570197528514,0.2667549508138435,-1371.798095703125,0.6549295774647887
underdog <= 30%,0.7,cricket,all,162,0.24838435649871826,0.20987653732299805,-0.038507819175720215,-0.14742123050454223,-0.42232081673027555,0.17068069444762335,-2440.22119140625,0.6481481481481481
underdog <= 30%,0.7,baseball,dev,1921,0.2704736292362213,0.2706923484802246,0.0002187192440032959,-0.021648277409805225,-0.09390265133032136,0.055970571759093285,-4277.2890625,0.954711087975013
underdog <= 30%,0.7,baseball,holdout,672,0.2776687741279602,0.2514880895614624,-0.026180684566497803,-0.13354103302671796,-0.24707987979054452,-0.015613803116693387,-9271.4599609375,0.9672619047619048
underdog <= 30%,0.7,baseball,all,2593,0.272338330745697,0.2657153904438019,-0.006622940301895142,-0.05064632283000012,-0.10964874145012769,0.011387548401141482,-13548.75,0.9579637485537987
underdog <= 30%,0.7,hockey,dev,1561,0.2652551531791687,0.2479179948568344,-0.01733715832233429,-0.07144213089341159,-0.15035646369562633,0.010062959799775695,-11205.3310546875,0.9083920563741191
underdog <= 30%,0.7,hockey,all,1561,0.2652551531791687,0.2479179948568344,-0.01733715832233429,-0.07144213089341159,-0.15035646369562633,0.010062959799775695,-11205.3310546875,0.9083920563741191
underdog <= 30%,0.7,mma_boxing,dev,111,0.2601945102214813,0.2702702581882477,0.010075747966766357,0.030782884305661864,-0.27290639973975517,0.38430443094657324,381.302978515625,0.6486486486486487
underdog <= 30%,0.7,mma_boxing,holdout,42,0.24940617382526398,0.3571428656578064,0.10773669183254242,0.46996021270751953,-0.15681697683674947,1.1336292627311884,2053.23193359375,0.5952380952380952
underdog <= 30%,0.7,mma_boxing,all,153,0.25723302364349365,0.29411765933036804,0.03688463568687439,0.15134136661205416,-0.1271459625437369,0.4592692626457585,2434.534912109375,0.6339869281045751
underdog <= 30%,0.7,other,dev,81,0.22623589634895325,0.1358024626970291,-0.09043343365192413,-0.5048463344573975,-0.7439176888034663,-0.2029151934234402,-4089.25537109375,0.4567901234567901
underdog <= 30%,0.7,other,all,86,0.2292454093694687,0.13953489065170288,-0.08971051871776581,-0.4961853637251743,-0.7286854855901447,-0.22504256187974048,-4269.55224609375,0.4883720930232558
underdog <= 30%,0.7,ALL,dev,13701,0.2552492320537567,0.2445806860923767,-0.010668545961380005,-0.04940092164263674,-0.08160558589232704,-0.016467079214536984,-68350.0859375,0.6298080432085249
underdog <= 30%,0.7,ALL,holdout,4035,0.2595664858818054,0.251301109790802,-0.008265376091003418,-0.05789058500949335,-0.11336262223400152,-0.003158813046714853,-24154.015625,0.6686493184634449
underdog <= 30%,0.7,ALL,all,17736,0.2562314569950104,0.24610960483551025,-0.010121852159500122,-0.051332348778702734,-0.07806909573300205,-0.023504522845513576,-92504.1015625,0.6386445647271087
favorite >= 80%,0.8,tennis,dev,1297,0.8251298069953918,0.8272937536239624,0.0021639466285705566,0.00024074079926967988,-0.025129480046559766,0.025295354368121296,32.81622314453125,0.6777178103315343
favorite >= 80%,0.8,tennis,holdout,866,0.8159496188163757,0.8106235861778259,-0.005326032638549805,-0.015080988532960346,-0.04753579690834125,0.016471620350049072,-1317.10302734375,0.7551963048498845
favorite >= 80%,0.8,tennis,all,2163,0.8214542865753174,0.820619523525238,-0.0008347630500793457,-0.005893617777573225,-0.02528275757202628,0.013168733683156407,-1284.28662109375,0.7087378640776699
favorite >= 80%,0.8,esports,dev,2009,0.8228771686553955,0.8023892641067505,-0.02048790454864502,-0.025726194951948448,-0.046974876856490703,-0.004931139409372416,-5171.42431640625,0.7386759581881533
favorite >= 80%,0.8,esports,holdout,1002,0.8159027695655823,0.8053892254829407,-0.010513544082641602,-0.01995025901774506,-0.04944128276546825,0.009228105315233208,-2009.243896484375,0.779441117764471
favorite >= 80%,0.8,esports,all,3011,0.8205562233924866,0.8033875823020935,-0.017168641090393066,-0.023804080104365653,-0.04085338138088688,-0.006416713488109767,-7180.66796875,0.7522417801394885
favorite >= 80%,0.8,basketball,dev,2450,0.818680465221405,0.813469409942627,-0.005211055278778076,-0.006688451906095962,-0.025318448201125984,0.01105493248784344,-1629.773193359375,0.7089795918367346
favorite >= 80%,0.8,basketball,holdout,93,0.8103880286216736,0.8279569745063782,0.01756894588470459,0.012497385262802084,-0.08228598578122033,0.10150989910126994,117.18772888183594,0.7526881720430108
favorite >= 80%,0.8,basketball,all,2543,0.8183770179748535,0.8139992356300354,-0.004377782344818115,-0.0059868070548543114,-0.02405247743609733,0.012526489948821619,-1512.585693359375,0.7105780574125049
favorite >= 80%,0.8,american_football,dev,776,0.826372504234314,0.8208763003349304,-0.005496203899383545,-0.006941659999507258,-0.041424170992899446,0.025813207575858105,-538.6727905273438,0.7435567010309279
favorite >= 80%,0.8,american_football,holdout,65,0.8288456797599792,0.7538461685180664,-0.07499951124191284,-0.09821323970189462,-0.23289039492607116,0.0257046183284658,-643.08447265625,0.7846153846153846
favorite >= 80%,0.8,american_football,all,841,0.8265637159347534,0.815695583820343,-0.0108681321144104,-0.01399594380528036,-0.04747784328429631,0.017499426760675882,-1181.75732421875,0.746730083234245
favorite >= 80%,0.8,soccer,dev,3348,0.8392146825790405,0.812126636505127,-0.027088046073913574,-0.03324632936426001,-0.049943854533264456,-0.016931333295741428,-11142.8466796875,0.7550776583034647
favorite >= 80%,0.8,soccer,holdout,1282,0.831714928150177,0.8268330693244934,-0.004881858825683594,-0.01383606276827953,-0.04083911571954825,0.011579278759616054,-1786.44921875,0.8174726989079563
favorite >= 80%,0.8,soccer,all,4630,0.8371380567550659,0.8161987066268921,-0.020939350128173828,-0.02787182358109652,-0.04182543366961085,-0.014201163236077468,-12929.294921875,0.772354211663067
favorite >= 80%,0.8,cricket,dev,142,0.8292051553726196,0.8098591566085815,-0.019345998764038086,-0.023827813001690616,-0.1076827550562702,0.04786884754528867,-337.0399475097656,0.7394366197183099
favorite >= 80%,0.8,cricket,all,162,0.8289874196052551,0.8209876418113708,-0.007999777793884277,-0.0112228166932861,-0.08633092426131538,0.05728695115827621,-179.67486572265625,0.7345679012345679
favorite >= 80%,0.8,baseball,dev,1925,0.8264816999435425,0.8010389804840088,-0.02544271945953369,-0.03154323678657219,-0.054693914218406595,-0.010097150183802887,-6078.01220703125,0.9932467532467533
favorite >= 80%,0.8,baseball,holdout,673,0.816417932510376,0.8172362446784973,0.0008183121681213379,-0.006937953359814136,-0.04355069347034536,0.027160455361575995,-470.7002868652344,0.9970282317979198
favorite >= 80%,0.8,baseball,all,2598,0.823874831199646,0.8052347898483276,-0.01864004135131836,-0.025169350818054805,-0.044417622648688565,-0.005277159387386302,-6548.712890625,0.9942263279445728
favorite >= 80%,0.8,hockey,dev,1567,0.8330966234207153,0.815571129322052,-0.01752549409866333,-0.02007801892519967,-0.04405076973429681,0.0027524128691908383,-3144.74560546875,0.97702616464582
favorite >= 80%,0.8,hockey,all,1567,0.8330966234207153,0.815571129322052,-0.01752549409866333,-0.02007801892519967,-0.04405076973429681,0.0027524128691908383,-3144.74560546875,0.97702616464582
favorite >= 80%,0.8,mma_boxing,dev,118,0.8395628929138184,0.7796609997749329,-0.0599018931388855,-0.07256621321252847,-0.16392581036582715,0.009276753185464191,-860.031494140625,0.847457627118644
favorite >= 80%,0.8,mma_boxing,holdout,43,0.8315094113349915,0.7209302186965942,-0.11057919263839722,-0.13775036761233972,-0.30754131452981814,0.0115565721118866,-596.8433227539062,0.8372093023255814
favorite >= 80%,0.8,mma_boxing,all,161,0.8374118208885193,0.7639751434326172,-0.0734366774559021,-0.08997564575409298,-0.16852789612998612,-0.00933608424398074,-1456.874755859375,0.84472049689441
favorite >= 80%,0.8,other,dev,81,0.84151291847229,0.9135802388191223,0.07206732034683228,0.08791728846636819,0.002315694351880989,0.15613428853767228,712.1300659179688,0.6419753086419753
favorite >= 80%,0.8,other,all,86,0.8400071859359741,0.9069767594337463,0.06696957349777222,0.08107804450704607,-0.003064631702936789,0.15276213413853268,696.8311157226562,0.6627906976744186
favorite >= 80%,0.8,ALL,dev,13713,0.8285199403762817,0.8120031952857971,-0.01651674509048462,-0.020525186289826358,-0.028310542853403665,-0.012358089955080266,-28157.599609375,0.7952308028877707
favorite >= 80%,0.8,ALL,holdout,4049,0.8213083744049072,0.8145220875740051,-0.0067862868309021,-0.016099129572775695,-0.030600884032696868,-0.00023698596689803478,-6564.169921875,0.8224252901951099
favorite >= 80%,0.8,ALL,all,17762,0.8268759846687317,0.8125774264335632,-0.014298558235168457,-0.01951622875985574,-0.026651067794794373,-0.012318288691705476,-34721.76953125,0.8014300191419885
underdog <= 20%,0.8,tennis,dev,1293,0.17611108720302582,0.16163960099220276,-0.014471486210823059,-0.0679659533666624,-0.18938634404818952,0.07032522496933725,-8793.2265625,0.720030935808198
underdog <= 20%,0.8,tennis,holdout,864,0.17927201092243195,0.16782407462596893,-0.011447936296463013,-0.07507082516396488,-0.21896265866579834,0.0742834594652608,-6720.4833984375,0.7766203703703703
underdog <= 20%,0.8,tennis,all,2157,0.17737722396850586,0.16411682963371277,-0.01326039433479309,-0.07081185472636074,-0.16494476307195594,0.02565902748149907,-15513.7109375,0.7426981919332406
underdog <= 20%,0.8,esports,dev,2005,0.1811322569847107,0.17157107591629028,-0.00956118106842041,-0.049509976807972436,-0.14509018817744646,0.04988082857203302,-10038.1796875,0.7935162094763092
underdog <= 20%,0.8,esports,holdout,1001,0.18408209085464478,0.17782217264175415,-0.006259918212890625,-0.030429351818073283,-0.15549835934393055,0.10600947119020192,-3159.7744140625,0.8131868131868132
underdog <= 20%,0.8,esports,all,3006,0.18211455643177032,0.17365269362926483,-0.008461862802505493,-0.04315611599130941,-0.12216148197551734,0.036592052957963625,-13197.9521484375,0.8000665335994678
underdog <= 20%,0.8,basketball,dev,2445,0.18067686259746552,0.17137014865875244,-0.009306713938713074,-0.04407712364976879,-0.13102973580604194,0.04475774962965446,-11042.7197265625,0.7423312883435583
underdog <= 20%,0.8,basketball,holdout,93,0.18559673428535461,0.16129031777381897,-0.024306416511535645,-0.1871738459474297,-0.5456265772542647,0.20877478872576027,-1818.973876953125,0.7956989247311828
underdog <= 20%,0.8,basketball,all,2538,0.18085715174674988,0.17100079357624054,-0.009856358170509338,-0.04932062056611334,-0.134264586279954,0.03672281191563194,-12861.693359375,0.7442868400315209
underdog <= 20%,0.8,american_football,dev,774,0.17362628877162933,0.16149871051311493,-0.012127578258514404,-0.11859670658752283,-0.25708735631417856,0.02666146476447427,-9179.384765625,0.7777777777777778
underdog <= 20%,0.8,american_football,holdout,65,0.16465505957603455,0.20000000298023224,0.03534494340419769,0.22772638614361101,-0.3955618979380681,0.98816551052607,1547.374267578125,0.8307692307692308
underdog <= 20%,0.8,american_football,all,839,0.1729312539100647,0.164481520652771,-0.008449733257293701,-0.09176595446890103,-0.2346521780729578,0.053611369553567045,-7632.0107421875,0.7818831942789034
underdog <= 20%,0.8,soccer,dev,3337,0.16632072627544403,0.16541804373264313,-0.0009026825428009033,-0.007618077257846264,-0.09220840003645696,0.08077619217212288,-2800.02294921875,0.7761462391369494
underdog <= 20%,0.8,soccer,holdout,1275,0.1666782796382904,0.1537254899740219,-0.012952789664268494,-0.14723801238864076,-0.2591039369197348,-0.027272039560628233,-19577.58203125,0.8274509803921568
underdog <= 20%,0.8,soccer,all,4612,0.16641955077648163,0.16218560934066772,-0.004233941435813904,-0.04621638976690155,-0.11962870554678665,0.029515768736552428,-22377.6015625,0.7903295750216826
underdog <= 20%,0.8,cricket,dev,142,0.16877733170986176,0.15492957830429077,-0.013847753405570984,-0.1070048322140331,-0.45480630179526105,0.29092159073957247,-1533.284912109375,0.7676056338028169
underdog <= 20%,0.8,cricket,all,162,0.16943363845348358,0.14814814925193787,-0.021285489201545715,-0.1563499798009425,-0.46921719095589204,0.20758707563818193,-2581.40966796875,0.7592592592592593
underdog <= 20%,0.8,baseball,dev,1915,0.1758970022201538,0.16710183024406433,-0.008795171976089478,-0.07295751123453245,-0.16618961743212865,0.02146576547747181,-14187.2890625,0.9947780678851175
underdog <= 20%,0.8,baseball,holdout,672,0.1819477379322052,0.1711309552192688,-0.010816782712936401,-0.09799940139055252,-0.2508621207482758,0.04598360676318389,-6853.4970703125,0.9985119047619048
underdog <= 20%,0.8,baseball,all,2587,0.17746874690055847,0.16814842820167542,-0.009320318698883057,-0.07946240113976843,-0.16162243984728925,-0.0010102977428281753,-21040.783203125,0.9957479706223424
underdog <= 20%,0.8,hockey,dev,1533,0.16501939296722412,0.16242662072181702,-0.0025927722454071045,-0.01801781473949853,-0.13953887306236396,0.10036088508946857,-2813.861572265625,0.9849967384213959
underdog <= 20%,0.8,hockey,all,1533,0.16501939296722412,0.16242662072181702,-0.0025927722454071045,-0.01801781473949853,-0.13953887306236396,0.10036088508946857,-2813.861572265625,0.9849967384213959
underdog <= 20%,0.8,mma_boxing,dev,106,0.17146100103855133,0.2075471729040146,0.03608617186546326,0.13481898802631306,-0.26519405948665903,0.602978644955833,1516.292236328125,0.8584905660377359
underdog <= 20%,0.8,mma_boxing,holdout,42,0.15551456809043884,0.261904776096344,0.10639020800590515,0.6401390348161969,-0.17457671889236995,1.5351009099256412,2811.771728515625,0.8333333333333334
underdog <= 20%,0.8,mma_boxing,all,148,0.16693566739559174,0.22297297418117523,0.056037306785583496,0.27822062292614497,-0.09794049432148803,0.6842896598013669,4328.06396484375,0.8513513513513513
underdog <= 20%,0.8,other,dev,80,0.1716459095478058,0.08749999850988388,-0.0841459110379219,-0.5177566349506378,-0.8160502174551446,-0.14979080104982784,-4142.05322265625,0.6625
underdog <= 20%,0.8,other,all,85,0.17272278666496277,0.08235294371843338,-0.09036984294652939,-0.5461238917182474,-0.821330183804899,-0.19904711744813045,-4657.484375,0.6823529411764706
underdog <= 20%,0.8,ALL,dev,13630,0.1737143099308014,0.16647101938724518,-0.007243290543556213,-0.04561927890567682,-0.08520696126657007,-0.005786122394352844,-63013.7265625,0.821496698459281
underdog <= 20%,0.8,ALL,holdout,4037,0.176583394408226,0.1672033667564392,-0.009380027651786804,-0.08416105060846699,-0.15062423365499344,-0.01668520621378222,-35334.72265625,0.8404756006935843
underdog <= 20%,0.8,ALL,all,17667,0.1743699163198471,0.1666383594274521,-0.0077315568923950195,-0.05442627117171881,-0.08888399799007156,-0.019411701326844822,-98348.4453125,0.8258334748400974
favorite >= 85%,0.85,tennis,dev,1296,0.8680003881454468,0.8634259104728699,-0.004574477672576904,-0.007331589675209496,-0.029066237475777645,0.014208551351520672,-955.0706787109375,0.7692901234567902
favorite >= 85%,0.85,tennis,holdout,866,0.8619284629821777,0.861431896686554,-0.0004965662956237793,-0.0070613447036895274,-0.0325892861504226,0.01832698296309786,-614.8922119140625,0.8314087759815243
favorite >= 85%,0.85,tennis,all,2162,0.8655681610107422,0.8626272082328796,-0.002940952777862549,-0.007223341689392524,-0.023872955034456363,0.009981393770460754,-1569.9630126953125,0.7941720629047179
favorite >= 85%,0.85,esports,dev,2007,0.8660608530044556,0.851021409034729,-0.015039443969726562,-0.018255364182291484,-0.03607477389914543,-0.0004802257762957474,-3665.499267578125,0.8246138515196811
favorite >= 85%,0.85,esports,holdout,1002,0.8609664440155029,0.8512973785400391,-0.009669065475463867,-0.017025487227904465,-0.04198653721412925,0.00818392072325983,-1713.125,0.8642714570858283
favorite >= 85%,0.85,esports,all,3009,0.8643642663955688,0.8511133193969727,-0.013250946998596191,-0.017845813930282246,-0.0327444790267223,-0.0025849785935453595,-5378.62451171875,0.8378198737121968
favorite >= 85%,0.85,basketball,dev,2450,0.861972451210022,0.8489795923233032,-0.01299285888671875,-0.015534066720200437,-0.03147892015500526,1.6502973832641855e-05,-3805.139404296875,0.8216326530612245
favorite >= 85%,0.85,basketball,holdout,93,0.8558946847915649,0.8709677457809448,0.015073060989379883,0.011769588996646225,-0.06473669984768475,0.0862837700914311,110.38485717773438,0.8817204301075269
favorite >= 85%,0.85,basketball,all,2543,0.8617501854896545,0.849783718585968,-0.011966466903686523,-0.01453554529602948,-0.030441781278156516,0.0014961596751860828,-3694.7548828125,0.8238301219032639
favorite >= 85%,0.85,american_football,dev,776,0.871188759803772,0.8685566782951355,-0.0026320815086364746,-0.0033066312526832766,-0.031594265761683796,0.0241711698564912,-256.5945129394531,0.8569587628865979
favorite >= 85%,0.85,american_football,holdout,65,0.8691326379776001,0.7846153974533081,-0.08451724052429199,-0.1037338219009913,-0.2277048649567251,0.007735117974762599,-678.1671142578125,0.8615384615384616
favorite >= 85%,0.85,american_football,all,841,0.871029794216156,0.8620689511299133,-0.008960843086242676,-0.011068542539413384,-0.03764954104612047,0.014395702417674653,-934.7616577148438,0.8573127229488704
favorite >= 85%,0.85,soccer,dev,3345,0.877357006072998,0.8553064465522766,-0.022050559520721436,-0.025944206052458386,-0.04030808908388017,-0.011462355446280159,-8683.9384765625,0.8463378176382661
favorite >= 85%,0.85,soccer,holdout,1282,0.8735033273696899,0.8705148100852966,-0.0029885172843933105,-0.009220275550633204,-0.030488550867080515,0.011642232945842068,-1188.1978759765625,0.8798751950078003
favorite >= 85%,0.85,soccer,all,4627,0.8762892484664917,0.8595201969146729,-0.016769051551818848,-0.021310517073997205,-0.0332360805598639,-0.009257013031618288,-9872.13671875,0.8556299978387725
favorite >= 85%,0.85,cricket,dev,142,0.8707045316696167,0.8591549396514893,-0.011549592018127441,-0.014325072818343908,-0.0840285150344077,0.04679963911791701,-203.32736206054688,0.7746478873239436
favorite >= 85%,0.85,cricket,all,162,0.8698717951774597,0.8765432238578796,0.006671428680419922,0.006074888735181755,-0.05169663400659452,0.06300347586087651,100.3667221069336,0.7716049382716049
favorite >= 85%,0.85,baseball,dev,1922,0.8712592124938965,0.8548387289047241,-0.016420483589172363,-0.020080632354257846,-0.038698103673403365,-0.0022071790808165462,-3861.7724609375,0.9942767950052029
favorite >= 85%,0.85,baseball,holdout,672,0.8639227747917175,0.8735119104385376,0.009589135646820068,0.0048420110279472454,-0.025136649680055034,0.03378139628468829,327.4621276855469,1.0
favorite >= 85%,0.85,baseball,all,2594,0.8693585991859436,0.85967618227005,-0.009682416915893555,-0.013624188116462233,-0.029359727281949258,0.0020546528731372727,-3534.310302734375,0.9957594448727833
favorite >= 85%,0.85,hockey,dev,1567,0.8785955905914307,0.8551372289657593,-0.023458361625671387,-0.026755558385679543,-0.047083451808073655,-0.007746773331792197,-4193.4072265625,0.9872367581365666
favorite >= 85%,0.85,hockey,all,1567,0.8785955905914307,0.8551372289657593,-0.023458361625671387,-0.026755558385679543,-0.047083451808073655,-0.007746773331792197,-4193.4072265625,0.9872367581365666
favorite >= 85%,0.85,mma_boxing,dev,117,0.8883331418037415,0.8290598392486572,-0.05927330255508423,-0.06818243097036313,-0.14362200165586164,0.006363535325767231,-801.003662109375,0.9401709401709402
favorite >= 85%,0.85,mma_boxing,holdout,43,0.8808842301368713,0.7674418687820435,-0.11344236135482788,-0.13470549738511098,-0.2922765005412403,-0.004133406861923557,-583.055908203125,0.8837209302325582
favorite >= 85%,0.85,mma_boxing,all,160,0.8863312005996704,0.8125,-0.07383120059967041,-0.08606050506932661,-0.15735640936276965,-0.018844184950883826,-1384.0595703125,0.925
favorite >= 85%,0.85,other,dev,81,0.8756163120269775,0.9012345671653748,0.025618255138397217,0.030716233139420734,-0.050039760154276414,0.09718907930961758,248.801513671875,0.7283950617283951
favorite >= 85%,0.85,other,all,86,0.8748874068260193,0.9069767594337463,0.03208935260772705,0.0378158843621265,-0.035345157964087756,0.10355254602701816,325.60601806640625,0.7441860465116279
favorite >= 85%,0.85,ALL,dev,13703,0.8710184693336487,0.8550682067871094,-0.015950262546539307,-0.019090159815344433,-0.025679678189549915,-0.01241642380453735,-26176.951171875,0.8682770196307378
favorite >= 85%,0.85,ALL,holdout,4048,0.8658770322799683,0.8626482486724854,-0.00322878360748291,-0.009733014849102927,-0.02210001130962677,0.0027139348341919697,-3959.093017578125,0.8848814229249012
favorite >= 85%,0.85,ALL,all,17751,0.869845986366272,0.8567968010902405,-0.013049185276031494,-0.016956323816057318,-0.023133989107829565,-0.011196766034862166,-30136.044921875,0.8720635457157343
underdog <= 15%,0.85,tennis,dev,1285,0.13205444812774658,0.12217898666858673,-0.009875461459159851,-0.07165961989168991,-0.21569839007195796,0.08304267476968726,-9168.015625,0.8023346303501946
underdog <= 15%,0.85,tennis,holdout,861,0.13419151306152344,0.12311265617609024,-0.011078856885433197,-0.09868941102155271,-0.26525053955813593,0.08432125107890352,-8871.419921875,0.8432055749128919
underdog <= 15%,0.85,tennis,all,2146,0.13291186094284058,0.12255358695983887,-0.010358273983001709,-0.0825042844596358,-0.19475215091843084,0.03644553991755033,-18039.435546875,0.8187325256290774
underdog <= 15%,0.85,esports,dev,1993,0.13552579283714294,0.1249372810125351,-0.010588511824607849,-0.09395473755847493,-0.19603394403328442,0.018322026011815772,-18965.3828125,0.8700451580531862
underdog <= 15%,0.85,esports,holdout,999,0.1382925659418106,0.13713712990283966,-0.0011554360389709473,-0.0334342148926881,-0.18975690729856956,0.12023691836080777,-3522.044921875,0.8828828828828829
underdog <= 15%,0.85,esports,all,2992,0.13644959032535553,0.12901069223880768,-0.0074388980865478516,-0.07374751759085425,-0.16500477771275515,0.015918706022676667,-22487.42578125,0.8743315508021391
underdog <= 15%,0.85,basketball,dev,2435,0.13596999645233154,0.1351129412651062,-0.0008570551872253418,-0.0045913465213971464,-0.11146324227722763,0.10013012606015682,-1277.8486328125,0.84435318275154
underdog <= 15%,0.85,basketball,holdout,94,0.13882184028625488,0.12765957415103912,-0.01116226613521576,-0.156750942798371,-0.5773384131015615,0.32354027375261796,-1535.8924560546875,0.8936170212765957
underdog <= 15%,0.85,basketball,all,2529,0.13607600331306458,0.13483589887619019,-0.0012401044368743896,-0.01024694242888451,-0.11220316752090242,0.09725306578991015,-2813.7412109375,0.8461842625543693
underdog <= 15%,0.85,american_football,dev,771,0.12962079048156738,0.10635538399219513,-0.023265406489372253,-0.20233038767457162,-0.3623700938026883,-0.041139233313336715,-15599.671875,0.8702983138780804
underdog <= 15%,0.85,american_football,holdout,65,0.12511025369167328,0.16923077404499054,0.04412052035331726,0.2767821238591121,-0.39311263157771187,1.0784313653065605,1876.3857421875,0.8769230769230769
underdog <= 15%,0.85,american_football,all,836,0.12927009165287018,0.11124402284622192,-0.018026068806648254,-0.16507881680173736,-0.3250074908778998,-0.0023889867312602707,-13723.287109375,0.8708133971291866
underdog <= 15%,0.85,soccer,dev,3328,0.12669974565505981,0.12289663404226303,-0.0038031116127967834,-0.03450570756999346,-0.13043494756817,0.06646898412862713,-11869.7900390625,0.86328125
underdog <= 15%,0.85,soccer,holdout,1271,0.12440302222967148,0.11644374579191208,-0.0079592764377594,-0.13230711789134916,-0.2660431850200019,0.007071439361206801,-17558.3984375,0.8859166011014948
underdog <= 15%,0.85,soccer,all,4599,0.12606500089168549,0.12111328542232513,-0.0049517154693603516,-0.06153453829807415,-0.14119641395698013,0.020348668751741048,-29428.1875,0.8695368558382257
underdog <= 15%,0.85,cricket,dev,142,0.13026060163974762,0.11267605423927307,-0.01758454740047455,-0.17975315577547316,-0.5272604743359794,0.2396196918588287,-2572.466796875,0.795774647887324
underdog <= 15%,0.85,cricket,all,162,0.1311020851135254,0.09876543283462524,-0.032336652278900146,-0.2810181982723283,-0.6017324695616593,0.08337841144314506,-4650.2392578125,0.7901234567901234
underdog <= 15%,0.85,baseball,dev,1898,0.12972715497016907,0.12012644857168198,-0.009600706398487091,-0.08774982965909518,-0.19882507890117435,0.03133453150820549,-16944.150390625,0.9947312961011591
underdog <= 15%,0.85,baseball,holdout,670,0.13460803031921387,0.11940298229455948,-0.015205048024654388,-0.13005573215769298,-0.31051806962312156,0.050512776570533435,-9060.412109375,1.0
underdog <= 15%,0.85,baseball,all,2568,0.1310006082057953,0.11993769556283951,-0.01106291264295578,-0.09878758459447701,-0.19657405379498116,-0.003840751453909219,-26004.5625,0.9961059190031153
underdog <= 15%,0.85,hockey,dev,1499,0.1222030520439148,0.12741827964782715,0.0052152276039123535,0.06897391439518029,-0.09020485306994926,0.23486502133980833,10326.943359375,0.9886591060707138
underdog <= 15%,0.85,hockey,all,1499,0.1222030520439148,0.12741827964782715,0.0052152276039123535,0.06897391439518029,-0.09020485306994926,0.23486502133980833,10326.943359375,0.9886591060707138
underdog <= 15%,0.85,mma_boxing,dev,101,0.12577147781848907,0.15841583907604218,0.0326443612575531,0.24809743862340947,-0.3223232933790377,0.9090307950973509,2615.051513671875,0.9306930693069307
underdog <= 15%,0.85,mma_boxing,holdout,42,0.11626018583774567,0.2380952388048172,0.12183505296707153,1.4476792471749442,0.13192802099954518,2.94875190598624,6362.56787109375,0.9285714285714286
underdog <= 15%,0.85,mma_boxing,all,143,0.12297794222831726,0.1818181872367859,0.05884024500846863,0.6004221656105735,0.03234125159003518,1.255069889055265,8977.62109375,0.9300699300699301
underdog <= 15%,0.85,other,dev,80,0.12979546189308167,0.0625,-0.06729546189308167,-0.5437270343303681,-0.901411875969247,-0.1248501102129628,-4349.81640625,0.75
underdog <= 15%,0.85,other,all,85,0.12992514669895172,0.05882352963089943,-0.07110162079334259,-0.5705666205462288,-0.9115885131406805,-0.16723104310710965,-4866.31689453125,0.7647058823529411
underdog <= 15%,0.85,ALL,dev,13532,0.13031792640686035,0.12429796159267426,-0.006019964814186096,-0.04939909877066707,-0.09649059879630219,-0.0036825369960498643,-67805.140625,0.8869346733668342
underdog <= 15%,0.85,ALL,holdout,4027,0.13197483122348785,0.12515519559383392,-0.006819635629653931,-0.0830924442870048,-0.1584887085580944,-0.006194832343174541,-34903.48828125,0.8949590265706481
underdog <= 15%,0.85,ALL,all,17559,0.13069792091846466,0.12449456006288528,-0.006203360855579376,-0.057126366974681646,-0.09725145176178931,-0.016598496584132,-102708.6328125,0.8887749871860584
favorite >= 90%,0.9,tennis,dev,1289,0.9106562733650208,0.9014739990234375,-0.009182274341583252,-0.011492757487946745,-0.030368714035063103,0.005984790509536319,-1484.8739013671875,0.8471683475562451
favorite >= 90%,0.9,tennis,holdout,869,0.9073708057403564,0.9067894220352173,-0.0005813837051391602,-0.005069323340634482,-0.027009826809300756,0.016174408653000807,-442.4508056640625,0.8941311852704258
favorite >= 90%,0.9,tennis,all,2158,0.909333348274231,0.9036144614219666,-0.005718886852264404,-0.008906119733537868,-0.0233117933312355,0.004590895029597944,-1927.324951171875,0.866079703429101
favorite >= 90%,0.9,esports,dev,2005,0.9101954102516174,0.8987531065940857,-0.011442303657531738,-0.013226744668219156,-0.02788844861023992,0.0010641452496490374,-2650.615966796875,0.8967581047381546
favorite >= 90%,0.9,esports,holdout,1001,0.9071493148803711,0.9020978808403015,-0.00505143404006958,-0.009778334305144392,-0.030513385830883335,0.009017763757891954,-981.11279296875,0.9270729270729271
favorite >= 90%,0.9,esports,all,3006,0.9091810584068298,0.8998669385910034,-0.009314119815826416,-0.01207842172296372,-0.024193061556273484,-0.0005599465421591947,-3631.728515625,0.9068529607451763
favorite >= 90%,0.9,basketball,dev,2449,0.9074263572692871,0.8979175090789795,-0.009508848190307617,-0.010713745697666524,-0.02382140214373949,0.0024085204891073964,-2624.2265625,0.9154757043691303
favorite >= 90%,0.9,basketball,holdout,94,0.9026989936828613,0.9042553305625916,0.0015563368797302246,-0.0024583564793809933,-0.07220073363525754,0.05638122244520072,-22.84253692626953,0.925531914893617
favorite >= 90%,0.9,basketball,all,2543,0.9072515368461609,0.8981518149375916,-0.009099721908569336,-0.010408591711619005,-0.023219000892618448,0.003402702346212664,-2647.069091796875,0.9158474243020055
favorite >= 90%,0.9,american_football,dev,775,0.9147076606750488,0.9187096953392029,0.004002034664154053,0.0046303895939021344,-0.01758779101935966,0.02541411789380493,358.8553466796875,0.9264516129032258
favorite >= 90%,0.9,american_football,holdout,65,0.9145799875259399,0.9076923131942749,-0.006887674331665039,-0.011439554278667156,-0.09529180803407843,0.056832742711099296,-74.73648071289062,0.8615384615384616
favorite >= 90%,0.9,american_football,all,840,0.9146977066993713,0.9178571701049805,0.003159463405609131,0.0033868820323342723,-0.016924225252670504,0.023923836550786202,284.1188049316406,0.9214285714285714
favorite >= 90%,0.9,soccer,dev,3342,0.9148429036140442,0.8964691758155823,-0.018373727798461914,-0.020793815990430616,-0.033517783419409856,-0.008465967617857114,-6952.0712890625,0.9108318372232196
favorite >= 90%,0.9,soccer,holdout,1280,0.9150269627571106,0.9140625,-0.0009644627571105957,-0.004939116413152078,-0.02293994522195855,0.012477841602805193,-633.5269165039062,0.9296875
favorite >= 90%,0.9,soccer,all,4622,0.9148939251899719,0.901341438293457,-0.013552486896514893,-0.01640307270637252,-0.026529618479273532,-0.006771221056920073,-7585.59814453125,0.9160536564257897
favorite >= 90%,0.9,cricket,dev,142,0.9103391170501709,0.908450722694397,-0.0018883943557739258,-0.002957674176235434,-0.05888212894378098,0.043793136213289584,-42.22886657714844,0.8098591549295775
favorite >= 90%,0.9,cricket,all,162,0.9097749590873718,0.9135802388191223,0.0038052797317504883,0.003002394232209082,-0.04988984943246814,0.04455982254283431,48.83424377441406,0.8209876543209876
favorite >= 90%,0.9,baseball,dev,1916,0.913474440574646,0.9034446477890015,-0.010029792785644531,-0.01205718313394375,-0.026415535165405284,0.0026580329933874537,-2311.25,0.9947807933194155
favorite >= 90%,0.9,baseball,holdout,672,0.9075865745544434,0.8973214030265808,-0.010265171527862549,-0.01533259400665494,-0.03995606104255699,0.008645186520741492,-1034.0806884765625,1.0
favorite >= 90%,0.9,baseball,all,2588,0.9119457006454468,0.9018546938896179,-0.010091006755828857,-0.012907676219902759,-0.02627950638203005,-0.000560148468009345,-3345.330078125,0.9961360123647605
favorite >= 90%,0.9,hockey,dev,1566,0.9176934361457825,0.8933588862419128,-0.02433454990386963,-0.02634744081077657,-0.044217528027109446,-0.009642853790544461,-4126.28857421875,0.9891443167305236
favorite >= 90%,0.9,hockey,all,1566,0.9176934361457825,0.8933588862419128,-0.02433454990386963,-0.02634744081077657,-0.044217528027109446,-0.009642853790544461,-4126.28857421875,0.9891443167305236
favorite >= 90%,0.9,mma_boxing,dev,115,0.9263074398040771,0.852173924446106,-0.07413351535797119,-0.08143491161096356,-0.1554980389590032,-0.015584452952443704,-938.5061645507812,0.9826086956521739
favorite >= 90%,0.9,mma_boxing,holdout,43,0.9263825416564941,0.8372092843055725,-0.08917325735092163,-0.10014854362884233,-0.227010951627609,0.005244054788247027,-432.5943603515625,0.9534883720930233
favorite >= 90%,0.9,mma_boxing,all,158,0.9263278841972351,0.8481012582778931,-0.07822662591934204,-0.08652786209684195,-0.15153662662769246,-0.024672164780337343,-1371.1007080078125,0.9746835443037974
favorite >= 90%,0.9,other,dev,81,0.9149602055549622,0.9259259104728699,0.010965704917907715,0.011906900569612596,-0.05579735776966653,0.06608657903195196,96.4458999633789,0.8395061728395061
favorite >= 90%,0.9,other,all,86,0.9141843318939209,0.930232584476471,0.01604825258255005,0.017318777263511057,-0.0470008147424555,0.06872576250280771,149.13882446289062,0.8488372093023255
favorite >= 90%,0.9,ALL,dev,13680,0.9126167893409729,0.8993421196937561,-0.013274669647216797,-0.015106603259980483,-0.02070501943464947,-0.00951358353681628,-20674.7578125,0.9243421052631579
favorite >= 90%,0.9,ALL,holdout,4049,0.9099662899971008,0.9059026837348938,-0.004063606262207031,-0.00856227147933229,-0.018504006119105593,0.0015711976225173015,-3477.5888671875,0.9320819955544579
favorite >= 90%,0.9,ALL,all,17729,0.9120115637779236,0.9008404016494751,-0.011171162128448486,-0.013611989949593855,-0.018325402989968674,-0.008617449737421295,-24152.34765625,0.9261097636640533
underdog <= 10%,0.9,tennis,dev,1269,0.0882292315363884,0.08195429295301437,-0.0062749385833740234,-0.09006956414597724,-0.26753161577280343,0.09327652768134283,-11387.109375,0.8739164696611506
underdog <= 10%,0.9,tennis,holdout,837,0.08750709891319275,0.08721625059843063,-0.0002908483147621155,-0.012414402431911893,-0.2275797417799062,0.21845491522101945,-1126.5035400390625,0.910394265232975
underdog <= 10%,0.9,tennis,all,2106,0.08794224262237549,0.08404558151960373,-0.003896661102771759,-0.059206615259617935,-0.19371450911899576,0.07956048236613249,-12513.61328125,0.8884140550807218
underdog <= 10%,0.9,esports,dev,1936,0.08880623430013657,0.07851240038871765,-0.010293833911418915,-0.10873251857836384,-0.2553071290624043,0.049584806359503825,-21484.484375,0.9385330578512396
underdog <= 10%,0.9,esports,holdout,981,0.08807950466871262,0.08460754156112671,-0.003471963107585907,-0.09504049633621076,-0.283824300962925,0.09625183569160624,-9754.521484375,0.9429153924566769
underdog <= 10%,0.9,esports,all,2917,0.08856182545423508,0.08056221902370453,-0.007999606430530548,-0.10412783094738949,-0.21984496915454893,0.012377337321842465,-31239.0078125,0.9400068563592733
underdog <= 10%,0.9,basketball,dev,2402,0.08885863423347473,0.08326394855976105,-0.005594685673713684,-0.03940245868959197,-0.17318866179447984,0.1012721727233842,-9572.0263671875,0.9358867610324729
underdog <= 10%,0.9,basketball,holdout,94,0.08878893405199051,0.08510638028383255,-0.003682553768157959,-0.10456476820276138,-0.6562685733145855,0.49570806888823776,-1042.4554443359375,0.9468085106382979
underdog <= 10%,0.9,basketball,all,2496,0.08885601907968521,0.0833333358168602,-0.005522683262825012,-0.04185648797414242,-0.17031533652200148,0.0957286366763023,-10614.482421875,0.9362980769230769
underdog <= 10%,0.9,american_football,dev,752,0.08474770933389664,0.06382978707551956,-0.020917922258377075,-0.26388083493455927,-0.4726046416036626,-0.05140373272464641,-19843.837890625,0.9375
underdog <= 10%,0.9,american_football,holdout,65,0.07975892722606659,0.0923076942563057,0.012548767030239105,0.033915079556978665,-0.6896848623569195,0.9132736165706922,239.85986328125,0.8769230769230769
underdog <= 10%,0.9,american_football,all,817,0.08435080945491791,0.06609547138214111,-0.018255338072776794,-0.24018838151723984,-0.433634062204396,-0.03082784582089039,-19603.9765625,0.9326805385556916
underdog <= 10%,0.9,soccer,dev,3294,0.085380420088768,0.08469945192337036,-0.000680968165397644,-0.030429210963941158,-0.14579010091870387,0.08947745007348867,-10502.1796875,0.924408014571949
underdog <= 10%,0.9,soccer,holdout,1246,0.08287625014781952,0.07383627444505692,-0.009039975702762604,-0.15075433694340445,-0.32358840638581926,0.031167212129316193,-19618.70703125,0.9357945425361156
underdog <= 10%,0.9,soccer,all,4540,0.08469314128160477,0.0817180648446083,-0.00297507643699646,-0.06345236227900972,-0.16155665600672298,0.04113567729061654,-30120.88671875,0.927533039647577
underdog <= 10%,0.9,cricket,dev,142,0.09056635200977325,0.06338027864694595,-0.0271860733628273,-0.3424271328348509,-0.7160450874919623,0.12922600155145347,-4939.68994140625,0.8450704225352113
underdog <= 10%,0.9,cricket,all,162,0.09070471674203873,0.06172839552164078,-0.02897632122039795,-0.35800676581300334,-0.7106653949360788,0.06682870167273056,-5910.37060546875,0.8518518518518519
underdog <= 10%,0.9,baseball,dev,1851,0.08553531765937805,0.07617504149675369,-0.009360276162624359,-0.13998263362676372,-0.27363343296792947,-0.0016893658233554812,-26286.24609375,0.9962182603997839
underdog <= 10%,0.9,baseball,holdout,665,0.08654585480690002,0.0827067643404007,-0.0038390904664993286,-0.1375120750943521,-0.35826226535596345,0.07975869831285973,-9555.51171875,1.0
underdog <= 10%,0.9,baseball,all,2516,0.08580241352319717,0.0779014304280281,-0.007900983095169067,-0.13932964418954047,-0.2523257222008819,-0.012256859520091996,-35841.76171875,0.9972178060413355
underdog <= 10%,0.9,hockey,dev,1405,0.08139210194349289,0.08113878965377808,-0.00025331228971481323,-0.0005680464340698676,-0.18926388847446102,0.20432281098756075,-175.6220703125,0.9907473309608541
underdog <= 10%,0.9,hockey,all,1405,0.08139210194349289,0.08113878965377808,-0.00025331228971481323,-0.0005680464340698676,-0.18926388847446102,0.20432281098756075,-175.6220703125,0.9907473309608541
underdog <= 10%,0.9,mma_boxing,dev,95,0.08172030001878738,0.09473684430122375,0.01301654428243637,0.11888335378546463,-0.52486529902408,0.9077156109558906,1202.8927001953125,0.9894736842105263
underdog <= 10%,0.9,mma_boxing,holdout,38,0.07908395677804947,0.21052631735801697,0.1314423680305481,1.7209525861238177,0.11659264313547235,3.6119094083183683,6859.85400390625,0.9473684210526315
underdog <= 10%,0.9,mma_boxing,all,133,0.08096705377101898,0.12781955301761627,0.04685249924659729,0.5766174201678512,-0.13155056946259694,1.3183137648087693,8062.74658203125,0.9774436090225563
underdog <= 10%,0.9,other,dev,80,0.08715973794460297,0.03750000149011612,-0.04965973645448685,-0.611111068725586,-1.0,-0.1110424274532046,-4888.888671875,0.8625
underdog <= 10%,0.9,other,all,85,0.08696845918893814,0.03529411926865578,-0.051674339920282364,-0.6339868882123162,-1.0,-0.15336130318521493,-5406.25,0.8705882352941177
underdog <= 10%,0.9,ALL,dev,13226,0.08638908714056015,0.08006955683231354,-0.0063195303082466125,-0.08046627304259432,-0.1372224318597704,-0.023754590531813446,-107877.1953125,0.9407984273400877
underdog <= 10%,0.9,ALL,holdout,3951,0.08586565405130386,0.08251075446605682,-0.00335489958524704,-0.08593061717966785,-0.18531817550651647,0.017359438350177902,-35486.0234375,0.9422930903568717
underdog <= 10%,0.9,ALL,all,17177,0.08626868575811386,0.0806310772895813,-0.005637608468532562,-0.08172316444886885,-0.12862337943812002,-0.029825557355994643,-143363.234375,0.9411422250684054
favorite >= 92%,0.925,tennis,dev,1285,0.9374451041221619,0.9221789836883545,-0.015266120433807373,-0.017449681966743118,-0.03349853040612437,-0.001915473432011961,-2246.186767578125,0.8809338521400778
favorite >= 92%,0.925,tennis,holdout,868,0.9360488057136536,0.9262672662734985,-0.00978153944015503,-0.013490538817748839,-0.03235880771849287,0.006327871189528874,-1174.7437744140625,0.9285714285714286
favorite >= 92%,0.925,tennis,all,2153,0.9368821978569031,0.9238272309303284,-0.013054966926574707,-0.01585352021415276,-0.02813620519913219,-0.003963300953917657,-3420.9306640625,0.9001393404551788
favorite >= 92%,0.925,esports,dev,1997,0.9384302496910095,0.9273911118507385,-0.011039137840270996,-0.012440422396877437,-0.02546861690734212,-0.0006577924650598992,-2484.561767578125,0.9369053580370555
favorite >= 92%,0.925,esports,holdout,1000,0.9361445903778076,0.9319999814033508,-0.004144608974456787,-0.007520034725777805,-0.024592170840931765,0.008141346814258085,-754.01806640625,0.957
favorite >= 92%,0.925,esports,all,2997,0.9376674890518188,0.9289289116859436,-0.008738577365875244,-0.010798651402182865,-0.02019833961664822,-0.0014135361614370635,-3238.57958984375,0.9436102769436103
favorite >= 92%,0.925,basketball,dev,2449,0.9360142946243286,0.927725613117218,-0.008288681507110596,-0.00902889261654247,-0.019670529027865716,0.002444771844933623,-2211.634521484375,0.9632503062474479
favorite >= 92%,0.925,basketball,holdout,94,0.9322916269302368,0.914893627166748,-0.01739799976348877,-0.021286667463310222,-0.0787563966517832,0.035351611361739796,-200.42404174804688,0.9787234042553191
favorite >= 92%,0.925,basketball,all,2543,0.935876727104187,0.9272512793540955,-0.008625447750091553,-0.00948199164744934,-0.020364738069154245,0.0011590493596303542,-2412.05859375,0.9638222571765631
favorite >= 92%,0.925,american_football,dev,775,0.9393646121025085,0.9316129088401794,-0.0077517032623291016,-0.008059465060190809,-0.02697980594713121,0.01054814307050655,-624.6083984375,0.9561290322580646
favorite >= 92%,0.925,american_football,holdout,65,0.9391223788261414,0.9076923131942749,-0.031430065631866455,-0.036285126209259035,-0.11824090513400734,0.030439645837132743,-236.6404571533203,0.8769230769230769
favorite >= 92%,0.925,american_football,all,840,0.9393458962440491,0.9297618865966797,-0.009584009647369385,-0.010243593601487754,-0.029169601607441326,0.007710563443321176,-861.248779296875,0.95
favorite >= 92%,0.925,soccer,dev,3330,0.9390183091163635,0.9204204082489014,-0.018597900867462158,-0.020486435799946162,-0.031027646053845316,-0.009940521968428132,-6825.8486328125,0.936036036036036
favorite >= 92%,0.925,soccer,holdout,1278,0.940762460231781,0.9327073693275452,-0.00805509090423584,-0.01127577689877115,-0.026924170302349823,0.003018203661711139,-1444.504150390625,0.9483568075117371
favorite >= 92%,0.925,soccer,all,4608,0.9395020604133606,0.923828125,-0.015673935413360596,-0.017931917120323406,-0.026916129587555966,-0.009159498722976675,-8270.353515625,0.939453125
favorite >= 92%,0.925,cricket,dev,142,0.9368564486503601,0.9436619877815247,0.006805539131164551,0.0065654068660568185,-0.03800108481041143,0.04444161164279185,93.22145080566406,0.8802816901408451
favorite >= 92%,0.925,cricket,all,162,0.9367246031761169,0.9506173133850098,0.013892710208892822,0.013855496444451956,-0.025332137777033137,0.04699715066637936,224.83387756347656,0.8950617283950617
favorite >= 92%,0.925,baseball,dev,1905,0.9381160140037537,0.9296587705612183,-0.0084572434425354,-0.009765105439335342,-0.021809632442512713,0.0021476204234133693,-1860.702392578125,0.9952755905511811
favorite >= 92%,0.925,baseball,holdout,674,0.9362881779670715,0.9302670359611511,-0.00602114200592041,-0.009279043106942574,-0.030767596698468357,0.010788701058542245,-627.2410278320312,1.0
favorite >= 92%,0.925,baseball,all,2579,0.9376382827758789,0.9298177361488342,-0.007820546627044678,-0.009638077129124902,-0.019836741924764728,0.0009321428254082697,-2487.94384765625,0.9965102753005041
favorite >= 92%,0.925,hockey,dev,1565,0.9430966973304749,0.9214057326316833,-0.021690964698791504,-0.022896914459622136,-0.03738319279663205,-0.009390282820829886,-3583.681640625,0.9923322683706071
favorite >= 92%,0.925,hockey,all,1565,0.9430966973304749,0.9214057326316833,-0.021690964698791504,-0.022896914459622136,-0.03738319279663205,-0.009390282820829886,-3583.681640625,0.9923322683706071
favorite >= 92%,0.925,mma_boxing,dev,114,0.9481021165847778,0.9122806787490845,-0.03582143783569336,-0.03889667668396182,-0.09461428586520222,0.011043139685486758,-444.0207824707031,0.9912280701754386
favorite >= 92%,0.925,mma_boxing,holdout,43,0.9501309990882874,0.8837209343910217,-0.06641006469726562,-0.07370112881844126,-0.17547329318774646,0.01821908016613314,-318.13861083984375,1.0
favorite >= 92%,0.925,mma_boxing,all,157,0.948657751083374,0.9044585824012756,-0.04419916868209839,-0.04842910624945619,-0.10211106711896799,-0.002267100191586156,-762.1593627929688,0.9936305732484076
favorite >= 92%,0.925,other,dev,81,0.9379618167877197,0.9629629850387573,0.025001168251037598,0.026733877114307733,-0.021938176826918367,0.06566853746507231,216.54440307617188,0.8888888888888888
favorite >= 92%,0.925,other,all,86,0.9376152157783508,0.9651162624359131,0.027501046657562256,0.02926081683226796,-0.016621727675997785,0.06645183409290278,251.7349090576172,0.8953488372093024
favorite >= 92%,0.925,ALL,dev,13643,0.9386535286903381,0.9253829717636108,-0.013270556926727295,-0.014631439259633906,-0.01932969742879698,-0.009906379980607545,-19971.478515625,0.9513303525617532
favorite >= 92%,0.925,ALL,holdout,4047,0.9377062916755676,0.9298245906829834,-0.007881700992584229,-0.01130706201737122,-0.020653458629081068,-0.00302419603210192,-4588.9072265625,0.9552755127254756
favorite >= 92%,0.925,ALL,all,17690,0.9384368062019348,0.9263991117477417,-0.012037694454193115,-0.01387091044677709,-0.018319523528483428,-0.009616578303059724,-24560.384765625,0.9522328999434709
underdog <= 7%,0.925,tennis,dev,1228,0.061834514141082764,0.06433224678039551,0.002497732639312744,0.019886322052548686,-0.1950034123872701,0.25087056926873286,2657.125,0.9047231270358306
underdog <= 7%,0.925,tennis,holdout,807,0.06159161031246185,0.06691449880599976,0.005322888493537903,0.09551930102569316,-0.18520816938289184,0.383969952005436,8077.19775390625,0.9330855018587361
underdog <= 7%,0.925,tennis,all,2035,0.06173819303512573,0.06535626202821732,0.0036180689930915833,0.04987935106057207,-0.12801943698151985,0.23062890516745074,10734.3173828125,0.9159705159705159
underdog <= 7%,0.925,esports,dev,1843,0.061948567628860474,0.052088987082242966,-0.009859580546617508,-0.14174307214133583,-0.31043720632160865,0.04574395872882953,-26827.513671875,0.9663591969614759
underdog <= 7%,0.925,esports,holdout,946,0.06272205710411072,0.0613107830286026,-0.0014112740755081177,-0.09647084492205565,-0.3223147585891067,0.15829418662335246,-9578.8955078125,0.9746300211416491
underdog <= 7%,0.925,esports,all,2789,0.06221093237400055,0.05521692335605621,-0.006994009017944336,-0.12638720016233296,-0.25766924120856766,0.01489155910581544,-36406.40625,0.9691645751165292
underdog <= 7%,0.925,basketball,dev,2359,0.06251562386751175,0.05383637174963951,-0.008679252117872238,-0.08467585032852386,-0.2408103799355035,0.086202429845809,-19973.13671875,0.9758372191606614
underdog <= 7%,0.925,basketball,holdout,93,0.06228635460138321,0.07526881992816925,0.012982465326786041,0.1300857400381437,-0.5543346830593642,0.9945106562747729,1246.9676513671875,1.0
underdog <= 7%,0.925,basketball,all,2452,0.06250692903995514,0.054649267345666885,-0.007857661694288254,-0.07653032508215352,-0.2317551184342308,0.08542201981847862,-18726.1640625,0.9767536704730831
underdog <= 7%,0.925,american_football,dev,717,0.060567378997802734,0.04463040456175804,-0.015936974436044693,-0.263155415799661,-0.5305864266604393,0.0050137216575967996,-18868.2421875,0.9637377963737797
underdog <= 7%,0.925,american_football,holdout,65,0.05688948184251785,0.07692307978868484,0.020033597946166992,0.27682863382192757,-0.7551000154935397,1.4839042670910174,1895.247314453125,0.9076923076923077
underdog <= 7%,0.925,american_football,all,782,0.06026167422533035,0.04731457680463791,-0.012947097420692444,-0.21827183111244455,-0.45707987562164926,0.055718612244062056,-16972.99609375,0.959079283887468
underdog <= 7%,0.925,soccer,dev,3219,0.060966916382312775,0.05995650961995125,-0.0010104067623615265,-0.02672661428460426,-0.17379082822881156,0.12971611304288255,-9010.4228515625,0.9462566014290152
underdog <= 7%,0.925,soccer,holdout,1212,0.057820744812488556,0.04785478487610817,-0.009965959936380386,-0.24820973849532627,-0.4361535999917756,-0.03808457936815487,-31489.42578125,0.9513201320132013
underdog <= 7%,0.925,soccer,all,4431,0.06010635197162628,0.056646354496479034,-0.0034599974751472473,-0.0873083219224727,-0.20780335312976136,0.03648144731985307,-40499.84765625,0.9476416158880614
underdog <= 7%,0.925,cricket,dev,141,0.06413192301988602,0.03546099364757538,-0.02867092937231064,-0.42572166902799136,-0.8620865598638007,0.08665450025112033,-6032.7294921875,0.9078014184397163
underdog <= 7%,0.925,cricket,all,161,0.06399130821228027,0.03105590119957924,-0.032935407012701035,-0.49706059213010423,-0.8792186879223178,-0.026171339520756502,-8117.0888671875,0.9192546583850931
underdog <= 7%,0.925,baseball,dev,1779,0.062287457287311554,0.051714446395635605,-0.010573010891675949,-0.18976872097313438,-0.34990536800725464,-0.027957984367872467,-34070.94140625,0.9960652051714446
underdog <= 7%,0.925,baseball,holdout,657,0.06234903633594513,0.05783865973353386,-0.00451037660241127,-0.12945254426024275,-0.38187810656142557,0.15250284922177376,-8822.8525390625,1.0
underdog <= 7%,0.925,baseball,all,2436,0.0623040646314621,0.053366173058748245,-0.008937891572713852,-0.17350118070204662,-0.30872085680711053,-0.02879042805513543,-42893.79296875,0.9971264367816092
underdog <= 7%,0.925,hockey,dev,1310,0.05786585807800293,0.04885496199131012,-0.00901089608669281,-0.11532345618910463,-0.33676975110104973,0.11810633126105971,-15218.51171875,0.9931297709923664
underdog <= 7%,0.925,hockey,all,1310,0.05786585807800293,0.04885496199131012,-0.00901089608669281,-0.11532345618910463,-0.33676975110104973,0.11810633126105971,-15218.51171875,0.9931297709923664
underdog <= 7%,0.925,mma_boxing,dev,90,0.057502780109643936,0.06666667014360428,0.009163890033960342,0.005131340026855469,-0.6868480576409234,0.8667329295476269,55.597923278808594,1.0
underdog <= 7%,0.925,mma_boxing,holdout,33,0.05630026012659073,0.1515151560306549,0.09521489590406418,1.4338254061612217,-0.5176211848403468,3.5914134141170617,4966.89306640625,1.0
underdog <= 7%,0.925,mma_boxing,all,123,0.05718015134334564,0.08943089097738266,0.03225073963403702,0.38843950411168543,-0.3304138206854099,1.2408646321878198,5022.49072265625,1.0
underdog <= 7%,0.925,other,dev,78,0.06047406420111656,0.03846153989434242,-0.02201252430677414,-0.42002439498901367,-1.0,0.32663074098715206,-3276.1904296875,0.8974358974358975
underdog <= 7%,0.925,other,all,83,0.06061845272779465,0.03614457696676254,-0.024473875761032104,-0.4549626844475068,-1.0,0.22221184938413832,-3793.987060546875,0.9036144578313253
underdog <= 7%,0.925,ALL,dev,12764,0.06132921949028969,0.05460670590400696,-0.00672251358628273,-0.10124388386634628,-0.16722006979568385,-0.03237409012416235,-130564.9609375,0.9630209965528047
underdog <= 7%,0.925,ALL,holdout,3838,0.06070981174707413,0.058624282479286194,-0.0020855292677879333,-0.090580978264344,-0.21338600405447553,0.028628792849627212,-36307.0234375,0.9627410109431996
underdog <= 7%,0.925,ALL,all,16602,0.06118602678179741,0.05553547665476799,-0.005650550127029419,-0.09877886569380774,-0.16018613616802582,-0.036652717528080365,-166872.0,0.962956270328876
favorite >= 95%,0.95,tennis,dev,1282,0.9556720852851868,0.9414976835250854,-0.014174401760101318,-0.015784435402078904,-0.02914760369451879,-0.0026667644730340515,-2025.82275390625,0.9110764430577223
favorite >= 95%,0.95,tennis,holdout,866,0.9551647901535034,0.9457274675369263,-0.009437322616577148,-0.012045014453901291,-0.02808934424331145,0.0034673983387393057,-1045.5374755859375,0.953810623556582
favorite >= 95%,0.95,tennis,all,2148,0.9554675221443176,0.9432029724121094,-0.012264549732208252,-0.0142768290049086,-0.024875865082275572,-0.003954837293371913,-3071.3603515625,0.9283054003724395
favorite >= 95%,0.95,esports,dev,1989,0.9570639729499817,0.9502262473106384,-0.006837725639343262,-0.00765166466057398,-0.017897997599542505,0.001867014862928967,-1520.697265625,0.9547511312217195
favorite >= 95%,0.95,esports,holdout,997,0.9560394883155823,0.949849545955658,-0.006189942359924316,-0.008609117267498282,-0.022409616496715967,0.005021994022623564,-860.3089599609375,0.9769307923771314
favorite >= 95%,0.95,esports,all,2986,0.956721842288971,0.9501004815101624,-0.006621360778808594,-0.007971349941586547,-0.01630791872412249,-0.00040730773006009645,-2381.00634765625,0.9621567314132619
favorite >= 95%,0.95,basketball,dev,2446,0.9546419382095337,0.9525756239891052,-0.002066314220428467,-0.002227098804015974,-0.010519576887999916,0.006833581869497679,-544.91357421875,0.982420278004906
favorite >= 95%,0.95,basketball,holdout,94,0.9523352980613708,0.936170220375061,-0.016165077686309814,-0.0189454552935476,-0.07474131870648248,0.02617152554300078,-178.3441162109375,0.9893617021276596
favorite >= 95%,0.95,basketball,all,2540,0.9545565843582153,0.9519684910774231,-0.0025880932807922363,-0.002845809634730924,-0.011443737901464896,0.005420536957012019,-723.2578125,0.9826771653543307
favorite >= 95%,0.95,american_football,dev,773,0.9570389986038208,0.946959912776947,-0.01007908582687378,-0.010510827167101812,-0.02802762585203555,0.0049773084041319065,-812.4869384765625,0.9741267787839586
favorite >= 95%,0.95,american_football,holdout,65,0.9583657383918762,0.9230769276618958,-0.03528881072998047,-0.03912737816572189,-0.11803538194929178,0.02420488996502871,-255.00238037109375,0.9076923076923077
favorite >= 95%,0.95,american_football,all,838,0.9571418762207031,0.9451074004173279,-0.012034475803375244,-0.012730488044083083,-0.028652313821765692,0.0024037354878179797,-1067.4893798828125,0.9689737470167065
favorite >= 95%,0.95,soccer,dev,3322,0.957080066204071,0.9416014552116394,-0.01547861099243164,-0.01661219704805939,-0.02608107067474097,-0.007878200162180897,-5519.8203125,0.9557495484647802
favorite >= 95%,0.95,soccer,holdout,1272,0.9568915367126465,0.9528301954269409,-0.004061341285705566,-0.006225849161328713,-0.019724227723032974,0.006424650776988031,-792.9225463867188,0.960691823899371
favorite >= 95%,0.95,soccer,all,4594,0.9570278525352478,0.9447104930877686,-0.012317359447479248,-0.013736395021084766,-0.021569273382834216,-0.006614029739294542,-6312.7421875,0.9571179799738789
favorite >= 95%,0.95,cricket,dev,141,0.9541580677032471,0.9503546357154846,-0.003803431987762451,-0.004464330891451092,-0.04189691311475021,0.02618284156010981,-63.02403259277344,0.9078014184397163
favorite >= 95%,0.95,cricket,all,161,0.9539517164230347,0.95652174949646,0.002570033073425293,0.002011955004208577,-0.036092575800009304,0.029700274716611057,32.51869201660156,0.9192546583850931
favorite >= 95%,0.95,baseball,dev,1893,0.9555603861808777,0.9519281387329102,-0.0036322474479675293,-0.004475597180504838,-0.014320799203346519,0.005001957835499204,-848.0408935546875,0.9952456418383518
favorite >= 95%,0.95,baseball,holdout,672,0.9534821510314941,0.9538690447807312,0.00038689374923706055,-0.0016497759594737242,-0.01869036010854567,0.015000379051274468,-111.12298583984375,1.0
favorite >= 95%,0.95,baseball,all,2565,0.9550159573554993,0.952436625957489,-0.002579331398010254,-0.003735265071135283,-0.012171446130934151,0.00505803522466887,-959.1634521484375,0.9964912280701754
favorite >= 95%,0.95,hockey,dev,1560,0.9601840972900391,0.9442307949066162,-0.01595330238342285,-0.016621134215249467,-0.028441839500536352,-0.005234676533727909,-2592.86962890625,0.9948717948717949
favorite >= 95%,0.95,hockey,all,1560,0.9601840972900391,0.9442307949066162,-0.01595330238342285,-0.016621134215249467,-0.028441839500536352,-0.005234676533727909,-2592.86962890625,0.9948717948717949
favorite >= 95%,0.95,mma_boxing,dev,112,0.965593695640564,0.9464285969734192,-0.019165098667144775,-0.020449031377211213,-0.06761789417066318,0.01738792740814509,-229.30972290039062,1.0
favorite >= 95%,0.95,mma_boxing,holdout,43,0.9647670388221741,0.930232584476471,-0.034534454345703125,-0.03769815905929305,-0.11581269920489556,0.03385301966458385,-162.4995574951172,1.0
favorite >= 95%,0.95,mma_boxing,all,155,0.965364396572113,0.9419354796409607,-0.023428916931152344,-0.025234273250304882,-0.06612154221284663,0.008524431590421452,-391.80926513671875,1.0
favorite >= 95%,0.95,other,dev,80,0.9558507800102234,0.9750000238418579,0.01914924383163452,0.02004335857927799,-0.02234393327818978,0.047630826184747774,160.34689331054688,0.925
favorite >= 95%,0.95,other,all,85,0.9560762047767639,0.9764705896377563,0.02039438486099243,0.021241564895300304,-0.018807789306755213,0.04731126497505246,180.5888671875,0.9294117647058824
favorite >= 95%,0.95,ALL,dev,13598,0.9566811919212341,0.9471980929374695,-0.009483098983764648,-0.010290516780841133,-0.014245974278116877,-0.006342083800739756,-13996.640625,0.966906898073246
favorite >= 95%,0.95,ALL,holdout,4034,0.9557254910469055,0.9499256610870361,-0.005799829959869385,-0.00813879907970632,-0.01545330022838976,-0.0012220874807914411,-3289.953125,0.970252850768468
favorite >= 95%,0.95,ALL,all,17632,0.956462562084198,0.9478221535682678,-0.008640408515930176,-0.009798228373038396,-0.01350936347430593,-0.006373629991452126,-17286.58984375,0.9676724137931034
underdog <= 5%,0.95,tennis,dev,1148,0.04319453984498978,0.05139372870326042,0.008199188858270645,0.11198724520746424,-0.15709430502682198,0.3945012465586645,13130.9755859375,0.9242160278745645
underdog <= 5%,0.95,tennis,holdout,759,0.04341600835323334,0.05533596873283386,0.011919960379600525,0.20037303266160886,-0.14462774538082881,0.5691877169100192,15851.5048828125,0.9565217391304348
underdog <= 5%,0.95,tennis,all,1907,0.04328268766403198,0.0529627688229084,0.009680081158876419,0.1471654374873257,-0.07384690900841619,0.3740921810402192,28982.48046875,0.9370739381227058
underdog <= 5%,0.95,esports,dev,1674,0.042773958295583725,0.03464755043387413,-0.008126407861709595,-0.15731464121646493,-0.3790404757576034,0.06875305705600279,-27110.69140625,0.9778972520908005
underdog <= 5%,0.95,esports,holdout,874,0.04304824769496918,0.03775743767619133,-0.005290810018777847,-0.15881532717078448,-0.4402838039725542,0.13954144022110335,-14462.9736328125,0.9839816933638444
underdog <= 5%,0.95,esports,all,2548,0.04286804050207138,0.0357142873108387,-0.007153753191232681,-0.15782939770158083,-0.32795172194445915,0.019653411446027735,-41573.65625,0.9799843014128728
underdog <= 5%,0.95,basketball,dev,2288,0.04376990348100662,0.03758741170167923,-0.006182491779327393,-0.11601135697398153,-0.28912129041615064,0.07548106339844783,-26780.1640625,0.9899475524475524
underdog <= 5%,0.95,basketball,holdout,91,0.04318445548415184,0.032967034727334976,-0.010217420756816864,-0.36668184301355383,-1.0,0.4725743597680396,-3470.31494140625,1.0
underdog <= 5%,0.95,basketball,all,2379,0.04374751076102257,0.0374106764793396,-0.006336834281682968,-0.12559984551101436,-0.3029557059922605,0.0626342586230307,-30250.47265625,0.9903320722992854
underdog <= 5%,0.95,american_football,dev,666,0.04209274426102638,0.03453453630208969,-0.007558207958936691,-0.19669677115775444,-0.5145771406076334,0.15621862597651634,-13100.005859375,0.9804804804804805
underdog <= 5%,0.95,american_football,holdout,63,0.04153984785079956,0.0634920671582222,0.021952219307422638,0.48940628293960814,-0.6969352601066469,2.080927262987406,3242.92626953125,0.9365079365079365
underdog <= 5%,0.95,american_football,all,729,0.04204496368765831,0.03703703731298447,-0.005007926374673843,-0.13740391463082186,-0.4687553339043763,0.21015437208575946,-9857.078125,0.9766803840877915
underdog <= 5%,0.95,soccer,dev,3033,0.04279141500592232,0.046158917248249054,0.0033675022423267365,0.07951126702343557,-0.1220208317351431,0.2766184112627608,24339.76171875,0.960435212660732
underdog <= 5%,0.95,soccer,holdout,1167,0.04171635955572128,0.0385604128241539,-0.003155946731567383,-0.1489335838912794,-0.40481572205747696,0.1086030334351116,-18268.76953125,0.9674378748928878
underdog <= 5%,0.95,soccer,all,4200,0.04249270260334015,0.04404762014746666,0.0015549175441265106,0.016036233447846913,-0.144709288882532,0.1775752511420041,6070.990234375,0.9623809523809523
underdog <= 5%,0.95,cricket,dev,139,0.04561739042401314,0.04316546767950058,-0.002451922744512558,-0.12170268820344116,-0.7202043876373511,0.6206839033167997,-1623.144287109375,0.9280575539568345
underdog <= 5%,0.95,cricket,all,159,0.045281752943992615,0.03773584961891174,-0.007545903325080872,-0.23218033748602718,-0.7553988042867409,0.4099403006475672,-3709.2900390625,0.9371069182389937
underdog <= 5%,0.95,baseball,dev,1643,0.04436222091317177,0.03712720796465874,-0.007235012948513031,-0.1360740684838971,-0.33767645967057475,0.09501216781625489,-22886.890625,0.995739500912964
underdog <= 5%,0.95,baseball,holdout,640,0.04372840374708176,0.04218750074505806,-0.001540903002023697,-0.058007004857063296,-0.41580568775534626,0.32525199681520406,-3788.919921875,1.0
underdog <= 5%,0.95,baseball,all,2283,0.04418453946709633,0.038545772433280945,-0.005638767033815384,-0.11418930250878821,-0.2945583167642133,0.09444199448032854,-26675.80859375,0.9969338589575121
underdog <= 5%,0.95,hockey,dev,1143,0.04094521701335907,0.036745406687259674,-0.004199810326099396,-0.0182490861947768,-0.30724582805616857,0.28607382515701174,-2248.61279296875,0.9965004374453194
underdog <= 5%,0.95,hockey,all,1143,0.04094521701335907,0.036745406687259674,-0.004199810326099396,-0.0182490861947768,-0.30724582805616857,0.28607382515701174,-2248.61279296875,0.9965004374453194
underdog <= 5%,0.95,mma_boxing,dev,77,0.040809132158756256,0.051948051899671555,0.011138919740915298,0.02456610543387277,-0.7474572070233234,1.0563296776313287,210.5133056640625,1.0
underdog <= 5%,0.95,mma_boxing,holdout,29,0.039912667125463486,0.06896551698446274,0.029052849858999252,0.38863543806404904,-1.0,2.5075242930445176,1191.2740478515625,1.0
underdog <= 5%,0.95,mma_boxing,all,106,0.04056387394666672,0.056603774428367615,0.016039900481700897,0.12416997945533609,-0.6311973715728184,1.0767609483790843,1401.7864990234375,1.0
underdog <= 5%,0.95,other,dev,76,0.04426245763897896,0.03947368264198303,-0.004788774996995926,-0.029847822691264906,-1.0,1.2687587184064522,-226.84326171875,0.9605263157894737
underdog <= 5%,0.95,other,all,81,0.04362897947430611,0.03703703731298447,-0.00659194216132164,-0.08973375956217448,-1.0,1.195244424517561,-745.2132568359375,0.9629629629629629
underdog <= 5%,0.95,ALL,dev,11887,0.04304628446698189,0.040548499673604965,-0.0024977847933769226,-0.046418914063239385,-0.13418112996548023,0.04367880490436523,-56295.09375,0.9744258433582905
underdog <= 5%,0.95,ALL,holdout,3648,0.04275749623775482,0.042763158679008484,5.662441253662109e-06,-0.058639381538357654,-0.20595228694666,0.10495507082644039,-22309.794921875,0.9756030701754386
underdog <= 5%,0.95,ALL,all,15535,0.04297846928238869,0.04106855392456055,-0.0019099153578281403,-0.049288580323247844,-0.12682934949705119,0.02702590884992662,-78604.890625,0.9747022851625362
favorite >= 97%,0.97,tennis,dev,1259,0.9742886424064636,0.9610801935195923,-0.013208448886871338,-0.014114341770340945,-0.026379432142479158,-0.0034591862296047948,-1777.973876953125,0.9420174741858618
favorite >= 97%,0.97,tennis,holdout,850,0.973962128162384,0.9647058844566345,-0.009256243705749512,-0.010718034495983055,-0.023710185713764716,0.0010919998004101158,-912.1390380859375,0.9741176470588235
favorite >= 97%,0.97,tennis,all,2109,0.9741569757461548,0.9625414609909058,-0.011615514755249023,-0.012745512380485938,-0.021028341420337947,-0.0040244248166089545,-2690.11328125,0.954954954954955
favorite >= 97%,0.97,esports,dev,1956,0.9753672480583191,0.9667689204216003,-0.00859832763671875,-0.009177388712156237,-0.017314861987755302,-0.0013097712538642679,-1795.00927734375,0.967280163599182
favorite >= 97%,0.97,esports,holdout,983,0.9751827120780945,0.9715157747268677,-0.0036669373512268066,-0.004996594597252952,-0.016365276893379598,0.004765685865990488,-492.0954895019531,0.9857578840284842
favorite >= 97%,0.97,esports,all,2939,0.9753055572509766,0.9683566093444824,-0.006948947906494141,-0.007779048931635675,-0.014102827874843368,-0.0014867951358603258,-2287.1044921875,0.9734603606668935
favorite >= 97%,0.97,basketball,dev,2429,0.9733680486679077,0.9678879976272583,-0.005480051040649414,-0.0056774965765398686,-0.012935077541666132,0.0014973582833036842,-1379.146484375,0.993001235076163
favorite >= 97%,0.97,basketball,holdout,94,0.9718118906021118,0.9680851101875305,-0.003726780414581299,-0.005073429531160187,-0.04802748978316309,0.027728440299719333,-47.769683837890625,0.9893617021276596
favorite >= 97%,0.97,basketball,all,2523,0.973310112953186,0.9678953886032104,-0.005414724349975586,-0.005654990709609353,-0.012936076369753762,0.0011868356347225777,-1426.9163818359375,0.9928656361474435
favorite >= 97%,0.97,american_football,dev,766,0.9748804569244385,0.9686684012413025,-0.006212055683135986,-0.006409507520817823,-0.019973102082968288,0.00575234854223654,-490.96832275390625,0.9856396866840731
favorite >= 97%,0.97,american_football,holdout,65,0.974454939365387,0.9538461565971375,-0.02060878276824951,-0.02252567113878635,-0.07106091836539025,0.024777834664027273,-146.67160034179688,0.9538461538461539
favorite >= 97%,0.97,american_football,all,831,0.974847137928009,0.9675090312957764,-0.007338106632232666,-0.007670097936182389,-0.02016608152451962,0.004432303482799977,-637.639892578125,0.9831528279181708
favorite >= 97%,0.97,soccer,dev,3293,0.974791407585144,0.9614333510398865,-0.013358056545257568,-0.013988720990842982,-0.021141085501066987,-0.006837901794374481,-4607.544921875,0.9754023686607957
favorite >= 97%,0.97,soccer,holdout,1249,0.974696159362793,0.9671737551689148,-0.007522404193878174,-0.008915398727723654,-0.01972111534924302,0.0010069480982271674,-1114.876220703125,0.9807846277021617
favorite >= 97%,0.97,soccer,all,4542,0.9747651219367981,0.9630118608474731,-0.011753261089324951,-0.012593613217475293,-0.0186388171120715,-0.00663449155581584,-5722.42138671875,0.976882430647292
favorite >= 97%,0.97,cricket,dev,140,0.9723310470581055,0.9642857313156128,-0.008045315742492676,-0.008654254874480622,-0.045003044846733765,0.020661539641940698,-121.38037109375,0.9357142857142857
favorite >= 97%,0.97,cricket,all,160,0.97248375415802,0.96875,-0.0037337541580200195,-0.004324391926638782,-0.0364220068466966,0.021260224336292585,-69.34732818603516,0.94375
favorite >= 97%,0.97,baseball,dev,1846,0.973943829536438,0.9702058434486389,-0.0037379860877990723,-0.004240805123259645,-0.01204532823181799,0.003510794581523521,-783.1423950195312,0.995124593716143
favorite >= 97%,0.97,baseball,holdout,671,0.9724642038345337,0.9642325043678284,-0.008231699466705322,-0.00968454965569312,-0.024893740575514932,0.004125712980410766,-650.7339477539062,1.0
favorite >= 97%,0.97,baseball,all,2517,0.9735493659973145,0.9686134457588196,-0.004935920238494873,-0.005692037773741513,-0.013121925589752842,0.0010348122506533752,-1433.87646484375,0.9964243146603099
favorite >= 97%,0.97,hockey,dev,1549,0.9761055707931519,0.9612653255462646,-0.014840245246887207,-0.015269153378663369,-0.024995604881372247,-0.0056059255577946155,-2365.11279296875,0.9974176888315042
favorite >= 97%,0.97,hockey,all,1549,0.9761055707931519,0.9612653255462646,-0.014840245246887207,-0.015269153378663369,-0.024995604881372247,-0.0056059255577946155,-2365.11279296875,0.9974176888315042
favorite >= 97%,0.97,mma_boxing,dev,106,0.979238748550415,0.9528301954269409,-0.02640855312347412,-0.0274776567195384,-0.07551096178194196,0.010624988149341805,-291.3613586425781,1.0
favorite >= 97%,0.97,mma_boxing,holdout,41,0.9788508415222168,0.9512194991111755,-0.02763134241104126,-0.0295349432655224,-0.10435644279393118,0.021350958823544403,-121.30714416503906,1.0
favorite >= 97%,0.97,mma_boxing,all,147,0.9791305661201477,0.9523809552192688,-0.026749610900878906,-0.02805145772896251,-0.06329129937765728,0.0008560898477030577,-412.66851806640625,1.0
favorite >= 97%,0.97,other,dev,80,0.976479172706604,0.9750000238418579,-0.0014791488647460938,-0.0016146660433150827,-0.04209282677038379,0.024751279423653613,-12.917327880859375,0.975
favorite >= 97%,0.97,other,all,85,0.9762157797813416,0.9764705896377563,0.0002548098564147949,0.00011296084917643491,-0.039215204301385795,0.024982105715720418,0.9746136665344238,0.9764705882352941
favorite >= 97%,0.97,ALL,dev,13424,0.9746303558349609,0.9649880528450012,-0.009642302989959717,-0.01014749360826095,-0.013599271616416194,-0.007073233054262473,-13624.556640625,0.9798867699642432
favorite >= 97%,0.97,ALL,holdout,3978,0.9742447137832642,0.9670688509941101,-0.007175862789154053,-0.008584510654753262,-0.014576362611169544,-0.002941094207998248,-3419.668701171875,0.983911513323278
favorite >= 97%,0.97,ALL,all,17402,0.9745420217514038,0.9654637575149536,-0.009078264236450195,-0.009790204435231783,-0.012764271186575643,-0.007068677194376539,-17044.2265625,0.9808068038156533
underdog <= 3%,0.97,tennis,dev,988,0.027820149436593056,0.028340080752968788,0.0005199313163757324,0.01030706104479338,-0.3327024972873178,0.39468308363848825,1005.59716796875,0.9635627530364372
underdog <= 3%,0.97,tennis,holdout,661,0.027594607323408127,0.03328290581703186,0.0056882984936237335,0.11889420479040103,-0.31968384972138053,0.5945396960052164,8272.3251953125,0.9742813918305597
underdog <= 3%,0.97,tennis,all,1649,0.027729742228984833,0.030321406200528145,0.002591663971543312,0.05383410896222616,-0.22196631553029927,0.3691098948837843,9277.921875,0.9678593086719224
underdog <= 3%,0.97,esports,dev,1365,0.027550537139177322,0.023443223908543587,-0.004107313230633736,-0.07219303117130266,-0.3686635733174754,0.2664385903536617,-10381.46875,0.9882783882783883
underdog <= 3%,0.97,esports,holdout,713,0.027500221505761147,0.021037867292761803,-0.006462354212999344,-0.24079204040356136,-0.5952461808873548,0.16341218814421232,-17866.15234375,0.9901823281907434
underdog <= 3%,0.97,esports,all,2078,0.02753327414393425,0.022617902606725693,-0.004915371537208557,-0.13004245060470038,-0.3716737806825698,0.12341754676403766,-28247.625,0.9889316650625601
underdog <= 3%,0.97,basketball,dev,2094,0.027911009266972542,0.025787966325879097,-0.002123042941093445,-0.024228200757628753,-0.27810491502228074,0.24524053732554102,-5272.6171875,0.9947468958930277
underdog <= 3%,0.97,basketball,holdout,78,0.0278763584792614,0.03846153989434242,0.010585181415081024,0.2930478071555113,-1.0,1.9466223991834188,2388.132080078125,1.0
underdog <= 3%,0.97,basketball,all,2172,0.027909761294722557,0.026243094354867935,-0.0016666669398546219,-0.012834310970692785,-0.26605239061580394,0.2565025516636463,-2884.484375,0.9949355432780848
underdog <= 3%,0.97,american_football,dev,549,0.027171248570084572,0.023679416626691818,-0.0034918319433927536,-0.1803276603990565,-0.5749847888077977,0.30540411415864427,-9899.98828125,0.9836065573770492
underdog <= 3%,0.97,american_football,holdout,49,0.026824289932847023,0.020408162847161293,-0.00641612708568573,-0.3511943427883849,-1.0,0.9464169716348454,-1799.2281494140625,0.9591836734693877
underdog <= 3%,0.97,american_football,all,598,0.02714281901717186,0.023411370813846588,-0.0037314482033252716,-0.1943284420664095,-0.5845181265802288,0.25160266404167864,-11699.2158203125,0.9816053511705686
underdog <= 3%,0.97,soccer,dev,2586,0.0281223114579916,0.02822892554104328,0.00010661408305168152,-0.013742296435716811,-0.2497709813187034,0.23511436373998892,-3237.630859375,0.9767981438515081
underdog <= 3%,0.97,soccer,holdout,985,0.02765563689172268,0.027411168441176414,-0.00024446845054626465,-0.07351383267320352,-0.42319593465688665,0.31163990533646546,-7568.72021484375,0.9807106598984772
underdog <= 3%,0.97,soccer,all,3571,0.027993589639663696,0.028003361076116562,9.7714364528656e-06,-0.0302292645661913,-0.2316030077587595,0.16729076617030464,-10806.3564453125,0.9778773452814338
underdog <= 3%,0.97,cricket,dev,132,0.029055656865239143,0.01515151560306549,-0.013904141262173653,-0.5092305270108309,-1.0,0.226923740271366,-6754.65869140625,0.9621212121212122
underdog <= 3%,0.97,cricket,all,151,0.028896331787109375,0.013245033100247383,-0.015651298686861992,-0.5709829772545012,-1.0,0.07254270844112169,-8737.3193359375,0.9668874172185431
underdog <= 3%,0.97,baseball,dev,1296,0.027784347534179688,0.02469135820865631,-0.0030929893255233765,-0.1366717888985151,-0.4040945410728455,0.17989561561449066,-18334.05859375,0.996141975308642
underdog <= 3%,0.97,baseball,holdout,569,0.027379723265767097,0.02108963020145893,-0.0062900930643081665,-0.26137468307843736,-0.6561590758694077,0.18245171704485041,-15355.99609375,1.0
underdog <= 3%,0.97,baseball,all,1865,0.027660898864269257,0.023592492565512657,-0.004068406298756599,-0.1747178729673493,-0.4109944596942564,0.09235176850899274,-33690.0625,0.9973190348525469
underdog <= 3%,0.97,hockey,dev,903,0.02755626291036606,0.025470653548836708,-0.0020856093615293503,-0.03358867556549782,-0.4055891215471202,0.39785239810035344,-3228.330078125,0.9977851605758582
underdog <= 3%,0.97,hockey,all,903,0.02755626291036606,0.025470653548836708,-0.0020856093615293503,-0.03358867556549782,-0.4055891215471202,0.39785239810035344,-3228.330078125,0.9977851605758582
underdog <= 3%,0.97,mma_boxing,dev,62,0.02771037630736828,0.032258063554763794,0.0045476872473955154,0.32888329413629347,-1.0,2.4642182011758127,2057.4638671875,1.0
underdog <= 3%,0.97,mma_boxing,all,83,0.027342893183231354,0.024096384644508362,-0.003246508538722992,-0.007340189922286804,-1.0,1.5877292587096432,-133.08236694335938,1.0
underdog <= 3%,0.97,other,dev,64,0.027530113235116005,0.015625,-0.011905113235116005,-0.4791662096977234,-1.0,0.7241394437592605,-3066.66357421875,0.984375
underdog <= 3%,0.97,other,all,69,0.027259813621640205,0.014492753893136978,-0.012767059728503227,-0.5169077887051348,-1.0,0.5390638503432241,-3585.20654296875,0.9855072463768116
underdog <= 3%,0.97,ALL,dev,10039,0.027830151841044426,0.025898993015289307,-0.0019311588257551193,-0.05564129325257959,-0.1748125174031393,0.05971192185979061,-57112.359375,0.985556330311784
underdog <= 3%,0.97,ALL,holdout,3100,0.02753378078341484,0.025806451216340065,-0.0017273295670747757,-0.11405799004339402,-0.31050904287257336,0.08652742187720365,-36621.3984375,0.9854838709677419
underdog <= 3%,0.97,ALL,all,13139,0.027760226279497147,0.02587715908885002,-0.0018830671906471252,-0.06942405906820671,-0.17069169951941898,0.029860649044352417,-93733.7421875,0.9855392343405129
favorite >= 98%,0.98,tennis,dev,1232,0.9824785590171814,0.9740259647369385,-0.00845259428024292,-0.008969062498571085,-0.018834004641356334,-7.647775709266443e-05,-1105.4151611328125,0.9577922077922078
favorite >= 98%,0.98,tennis,holdout,836,0.9825253486633301,0.9748803973197937,-0.007644951343536377,-0.008626801044230113,-0.019773497952885803,0.00227758733031527,-721.9367065429688,0.9880382775119617
favorite >= 98%,0.98,tennis,all,2068,0.9824973344802856,0.9743713736534119,-0.00812596082687378,-0.008830701485114096,-0.016057239846003057,-0.0022917154064939034,-1827.3516845703125,0.9700193423597679
favorite >= 98%,0.98,esports,dev,1909,0.9830741286277771,0.976427435874939,-0.006646692752838135,-0.007028017697768991,-0.014559983525035151,-0.0006069103115120682,-1341.7523193359375,0.9753797799895233
favorite >= 98%,0.98,esports,holdout,966,0.9828056693077087,0.979296088218689,-0.0035095810890197754,-0.004386383773543049,-0.013884807138116816,0.003946593531318142,-424.1175842285156,0.9927536231884058
favorite >= 98%,0.98,esports,all,2875,0.9829840064048767,0.9773913025856018,-0.005592703819274902,-0.006140428699229075,-0.011762388659781964,-0.0008768830191551764,-1765.8701171875,0.9812173913043478
favorite >= 98%,0.98,basketball,dev,2417,0.9820107817649841,0.9780719876289368,-0.003938794136047363,-0.004052518029652156,-0.009896929297163886,0.0017376707809567617,-979.582763671875,0.9950351675630947
favorite >= 98%,0.98,basketball,holdout,94,0.9810192584991455,0.978723406791687,-0.002295851707458496,-0.0031610991052807647,-0.03582202907914216,0.018808040525665152,-29.734481811523438,1.0
favorite >= 98%,0.98,basketball,all,2511,0.9819736480712891,0.9780963659286499,-0.00387728214263916,-0.004019147508389349,-0.009759319286436667,0.0017552785001426624,-1009.3171997070312,0.995221027479092
favorite >= 98%,0.98,american_football,dev,756,0.9830687046051025,0.9814814925193787,-0.001587212085723877,-0.0016395862537027194,-0.012329957166716836,0.007776215334087807,-123.95272827148438,0.9907407407407407
favorite >= 98%,0.98,american_football,holdout,65,0.9831715822219849,1.0,0.016828417778015137,0.01631203776655289,0.015287154086937125,0.017306138277412033,106.11945343017578,0.9538461538461539
favorite >= 98%,0.98,american_football,all,821,0.9830769896507263,0.9829476475715637,-0.00012934207916259766,-0.00021832491226957137,-0.008967672561419544,0.008334637234164978,-17.833251953125,0.9878197320341048
favorite >= 98%,0.98,soccer,dev,3239,0.9827426075935364,0.9703612327575684,-0.012381374835968018,-0.012811628550862679,-0.019367259814188742,-0.006396381227130923,-4150.32958984375,0.983019450447669
favorite >= 98%,0.98,soccer,holdout,1222,0.9827591180801392,0.9762684106826782,-0.0064907073974609375,-0.007410673401737662,-0.017164610209920692,0.0009382865508582145,-906.2463989257812,0.9909983633387889
favorite >= 98%,0.98,soccer,all,4461,0.9827471971511841,0.9719793796539307,-0.010767817497253418,-0.011332147001382568,-0.016817110680472265,-0.006089891752586707,-5056.576171875,0.9852051109616677
favorite >= 98%,0.98,cricket,dev,140,0.981517493724823,0.9785714149475098,-0.0029460787773132324,-0.0033277916588953563,-0.031890842594106544,0.01853244066188511,-46.690521240234375,0.9571428571428572
favorite >= 98%,0.98,cricket,all,160,0.981568455696106,0.981249988079071,-0.0003184676170349121,-0.0007115300395525992,-0.02598570801215828,0.018337138705246614,-11.456756591796875,0.9625
favorite >= 98%,0.98,baseball,dev,1787,0.982364296913147,0.9809737205505371,-0.0013905763626098633,-0.0016791600948715584,-0.008033672041701653,0.004534221120799144,-299.9695129394531,0.9955232232792389
favorite >= 98%,0.98,baseball,holdout,672,0.9822689294815063,0.980654776096344,-0.0016141533851623535,-0.0024330369966004844,-0.01442542115466841,0.008009024050798393,-163.6762237548828,1.0
favorite >= 98%,0.98,baseball,all,2459,0.9823382496833801,0.9808865189552307,-0.001451730728149414,-0.0018851809480483937,-0.0073530916671814784,0.003529441637509122,-463.6458435058594,0.9967466449776332
favorite >= 98%,0.98,hockey,dev,1525,0.983893871307373,0.9704918265342712,-0.013402044773101807,-0.013650515645009572,-0.023029760116283767,-0.0055473698655937355,-2081.6904296875,0.9986885245901639
favorite >= 98%,0.98,hockey,all,1525,0.983893871307373,0.9704918265342712,-0.013402044773101807,-0.013650515645009572,-0.023029760116283767,-0.0055473698655937355,-2081.6904296875,0.9986885245901639
favorite >= 98%,0.98,mma_boxing,dev,101,0.9840884804725647,0.9801980257034302,-0.0038904547691345215,-0.004188628406217783,-0.035115514428096614,0.016368644640942353,-42.39863586425781,1.0
favorite >= 98%,0.98,mma_boxing,holdout,39,0.9840053915977478,1.0,0.015994608402252197,0.015544005072651764,0.014102833556274,0.016912293100419144,60.66899490356445,1.0
favorite >= 98%,0.98,mma_boxing,all,140,0.9840653538703918,0.9857142567634583,0.0016489028930664062,0.0013083194914673055,-0.0206483877898337,0.016176426147960967,18.27037811279297,1.0
favorite >= 98%,0.98,other,dev,80,0.9836109280586243,0.987500011920929,0.0038890838623046875,0.004040813096798957,-0.025028231231008637,0.017600979385484827,32.326507568359375,1.0
favorite >= 98%,0.98,other,all,85,0.983516275882721,0.9882352948188782,0.0047190189361572266,0.004842810990179286,-0.02247906065447277,0.017612973378307438,41.16987609863281,1.0
favorite >= 98%,0.98,ALL,dev,13186,0.9827349185943604,0.9753526449203491,-0.0073822736740112305,-0.007688538726429381,-0.010589454075304637,-0.004896442180784177,-10139.455078125,0.9856666161079933
favorite >= 98%,0.98,ALL,holdout,3919,0.9826089143753052,0.978310763835907,-0.004298150539398193,-0.005187629728950417,-0.01010604410759405,-0.0005720050756002652,-2034.845703125,0.9920898188313345
favorite >= 98%,0.98,ALL,all,17105,0.9827060699462891,0.9760304093360901,-0.006675660610198975,-0.0071155447269485245,-0.00962883177590145,-0.004828736156419545,-12174.30078125,0.9871382636655949
underdog <= 2%,0.98,tennis,dev,642,0.019999997690320015,0.020249221473932266,0.0002492237836122513,-0.009782191006194022,-0.5416075804523218,0.5264918484791788,-537.70166015625,0.9657320872274143
underdog <= 2%,0.98,tennis,holdout,360,0.019999997690320015,0.02777777798473835,0.007777780294418335,0.32653327518039277,-0.46787412431504993,1.1315614393022158,12334.0009765625,0.9888888888888889
underdog <= 2%,0.98,tennis,all,1002,0.020000001415610313,0.022954091429710388,0.0029540900141000748,0.11104971301293896,-0.3239335690191882,0.5945340002368309,11796.3056640625,0.9740518962075848
underdog <= 2%,0.98,esports,dev,874,0.019999999552965164,0.021739130839705467,0.001739131286740303,0.07225154466432619,-0.3805127002008992,0.5806309883327176,6130.0009765625,0.994279176201373
underdog <= 2%,0.98,esports,holdout,386,0.019999997690320015,0.020725388079881668,0.0007253903895616531,-0.01213587627509715,-0.6295509536031614,0.72876221651858,-399.27947998046875,0.9922279792746114
underdog <= 2%,0.98,esports,all,1260,0.019999995827674866,0.02142857201397419,0.001428576186299324,0.046399525233677456,-0.3393221829429505,0.4697436812567331,5730.71875,0.9936507936507937
underdog <= 2%,0.98,basketball,dev,1502,0.019999997690320015,0.017976032570004463,-0.0020239651203155518,-0.10405063248188613,-0.40460190855551975,0.25927556592837153,-15802.69921875,0.9953395472703063
underdog <= 2%,0.98,basketball,holdout,36,0.019999997690320015,0.02777777798473835,0.007777780294418335,0.34922175937228733,-1.0,3.047665278116862,1249.080078125,1.0
underdog <= 2%,0.98,basketball,all,1538,0.019999995827674866,0.018205462023615837,-0.0017945338040590286,-0.09344087558542953,-0.4166814260892037,0.2586651070375277,-14553.62109375,0.9954486345903771
underdog <= 2%,0.98,american_football,dev,350,0.019999997690320015,0.022857142612338066,0.002857144922018051,0.14285714285714285,-0.5714285714285714,1.0,5000.0,0.9914285714285714
underdog <= 2%,0.98,american_football,all,373,0.019999997690320015,0.021447721868753433,0.0014477241784334183,0.07238605898123325,-0.5978552278820375,0.8766756032171582,2591.220703125,0.9919571045576407
underdog <= 2%,0.98,soccer,dev,1514,0.019999995827674866,0.021796565502882004,0.001796569675207138,0.0709641127794233,-0.3110343544516886,0.5097153188940549,11783.08984375,0.9834874504623514
underdog <= 2%,0.98,soccer,holdout,547,0.019999997690320015,0.010968921706080437,-0.009031075984239578,-0.47385421836615915,-0.9139669730637169,0.1270667795246807,-27211.7421875,0.9890310786106032
underdog <= 2%,0.98,soccer,all,2061,0.020000001415610313,0.018922852352261543,-0.0010771490633487701,-0.07363347438051537,-0.3670561535402842,0.24093643678076446,-15428.66015625,0.984958757884522
underdog <= 2%,0.98,cricket,dev,102,0.019999997690320015,0.009803921915590763,-0.010196075774729252,-0.523804084927428,-1.0,0.428587745217716,-5382.28076171875,0.9803921568627451
underdog <= 2%,0.98,cricket,all,110,0.019999995827674866,0.00909090880304575,-0.010909087024629116,-0.5584365151145242,-1.0,0.32469045465642754,-6217.5595703125,0.9818181818181818
underdog <= 2%,0.98,baseball,dev,595,0.019999995827674866,0.01344537828117609,-0.0065546175464987755,-0.3325311484457064,-0.7478991596638656,0.1716705322265625,-20446.677734375,0.9949579831932773
underdog <= 2%,0.98,baseball,holdout,283,0.019999997690320015,0.02120141312479973,0.0012014154344797134,0.013760435286343308,-0.6631488058676568,0.859095273506515,438.74072265625,1.0
underdog <= 2%,0.98,baseball,all,878,0.019999997690320015,0.015945330262184143,-0.004054667428135872,-0.22091324617216418,-0.6056680918282963,0.17613422962962066,-20007.931640625,0.9965831435079726
underdog <= 2%,0.98,hockey,dev,451,0.019999997690320015,0.017738359048962593,-0.002261638641357422,-0.1130820399113082,-0.6674057649667405,0.5521064301552107,-5220.5390625,0.9977827050997783
underdog <= 2%,0.98,hockey,all,451,0.019999997690320015,0.017738359048962593,-0.002261638641357422,-0.1130820399113082,-0.6674057649667405,0.5521064301552107,-5220.5390625,0.9977827050997783
underdog <= 2%,0.98,mma_boxing,dev,36,0.019999997690320015,0.02777777798473835,0.007777780294418335,0.3888888888888889,-1.0,3.1666666666666665,1355.900390625,1.0
underdog <= 2%,0.98,mma_boxing,all,49,0.019999997690320015,0.020408162847161293,0.0004081651568412781,0.02040816326530612,-1.0,2.061224489795918,0.04018402099609375,1.0
underdog <= 2%,0.98,other,dev,45,0.019999997690320015,0.02222222276031971,0.002222225069999695,0.1111111111111111,-1.0,2.75,500.0,1.0
underdog <= 2%,0.98,other,all,49,0.019999997690320015,0.020408162847161293,0.0004081651568412781,0.02040816326530612,-1.0,2.3333333333333335,86.2801742553711,1.0
underdog <= 2%,0.98,ALL,dev,6111,0.019999995827674866,0.019473081454634666,-0.0005269143730401993,-0.036861520179495094,-0.20697466436951759,0.15197851322552877,-22620.9140625,0.9888725249549992
underdog <= 2%,0.98,ALL,holdout,1660,0.019999997690320015,0.0186746995896101,-0.0013252981007099152,-0.10714731331331184,-0.41975391624725783,0.243675915277765,-18602.8359375,0.9921686746987952
underdog <= 2%,0.98,ALL,all,7771,0.020000001415610313,0.01930253580212593,-0.0006974656134843826,-0.05187560029815882,-0.20644476369286374,0.10790956557024597,-41223.73046875,0.9895766310642131
favorite >= 99%,0.99,tennis,dev,1085,0.9901990294456482,0.983410120010376,-0.006788909435272217,-0.007057590005824918,-0.015407258047408978,0.00037133297477398174,-765.8942260742188,0.9732718894009217
favorite >= 99%,0.99,tennis,holdout,692,0.9901773929595947,0.9855491518974304,-0.004628241062164307,-0.005136145916740501,-0.013913325592690427,0.0036087162146173856,-355.584228515625,0.9927745664739884
favorite >= 99%,0.99,tennis,all,1777,0.9901905655860901,0.9842430949211121,-0.005947470664978027,-0.006309340535005325,-0.012014810313362172,-0.0006326876551627728,-1121.4783935546875,0.9808666291502532
favorite >= 99%,0.99,esports,dev,1597,0.9902498126029968,0.9843456745147705,-0.005904138088226318,-0.006117837276990871,-0.012498933562150769,-0.0004222063210069128,-977.1024169921875,0.9830932999373826
favorite >= 99%,0.99,esports,holdout,784,0.9903401136398315,0.9859693646430969,-0.004370748996734619,-0.004875945464864716,-0.013889468644881664,0.0028362685538310434,-382.4841613769531,0.9987244897959183
favorite >= 99%,0.99,esports,all,2381,0.990279495716095,0.9848803281784058,-0.005399167537689209,-0.00570891531953312,-0.010839266338696994,-0.0006502326638431944,-1359.5865478515625,0.9882402351952961
favorite >= 99%,0.99,basketball,dev,2252,0.9902139902114868,0.9849023222923279,-0.0053116679191589355,-0.005404850169867409,-0.010764156147372599,-0.0004559075946435352,-1217.2083740234375,0.9973357015985791
favorite >= 99%,0.99,basketball,holdout,92,0.990193247795105,0.97826087474823,-0.011932373046875,-0.012466555977564143,-0.04539158581756055,0.009565980815956289,-114.7364730834961,1.0
favorite >= 99%,0.99,basketball,all,2344,0.9902132153511047,0.9846416115760803,-0.005571603775024414,-0.005682016097473254,-0.010867100362751375,-0.000931418973087562,-1331.9447021484375,0.9974402730375427
favorite >= 99%,0.99,american_football,dev,662,0.9902613162994385,0.9879153966903687,-0.0023459196090698242,-0.002370218619045849,-0.011505679785501877,0.0052392296816097155,-156.908447265625,0.9954682779456193
favorite >= 99%,0.99,american_football,holdout,62,0.9901765584945679,1.0,0.009823441505432129,0.009445260872223204,0.009257925354740432,0.009588529280717335,58.58835220336914,0.9838709677419355
favorite >= 99%,0.99,american_football,all,724,0.9902539253234863,0.988950252532959,-0.0013036727905273438,-0.0013583957896830298,-0.009744195622464036,0.005623655532067385,-98.32011413574219,0.994475138121547
favorite >= 99%,0.99,soccer,dev,2895,0.990214467048645,0.984455943107605,-0.005758523941040039,-0.005931151438575232,-0.011099824345379115,-0.0013448899714146071,-1717.4764404296875,0.9861830742659758
favorite >= 99%,0.99,soccer,holdout,1042,0.990332305431366,0.9894433617591858,-0.0008889436721801758,-0.0013578530863971377,-0.007989996033610421,0.004493562042350352,-141.5828094482422,0.9923224568138196
favorite >= 99%,0.99,soccer,all,3937,0.9902456402778625,0.9857759475708008,-0.004469692707061768,-0.004720743289484661,-0.008952501854760484,-0.0008290183155532152,-1859.05908203125,0.9878079756159512
favorite >= 99%,0.99,cricket,dev,133,0.9903103113174438,1.0,0.009689688682556152,0.009616678423087176,0.009442831348379218,0.009764824778146174,127.92318725585938,0.9849624060150376
favorite >= 99%,0.99,cricket,all,153,0.9903398752212524,1.0,0.009660124778747559,0.009552467641804148,0.009393425221977987,0.009691160088374577,146.18191528320312,0.9869281045751634
favorite >= 99%,0.99,baseball,dev,1556,0.9903445839881897,0.990359902381897,1.531839370727539e-05,-0.00013336108052973804,-0.005325073453000385,0.004407388520301954,-20.670501708984375,0.9974293059125964
favorite >= 99%,0.99,baseball,holdout,644,0.9902108907699585,0.9875776171684265,-0.0026332736015319824,-0.003108200706796061,-0.010992001522743138,0.0047433025428702804,-200.29782104492188,1.0
favorite >= 99%,0.99,baseball,all,2200,0.9903054237365723,0.989545464515686,-0.0007599592208862305,-0.0010041777711276981,-0.0051570388280299745,0.003126431460688102,-220.9683074951172,0.9981818181818182
favorite >= 99%,0.99,hockey,dev,1259,0.9902023673057556,0.9801429510116577,-0.0100594162940979,-0.010175374159374887,-0.01822310501291262,-0.0029468601065221066,-1281.0889892578125,1.0
favorite >= 99%,0.99,hockey,all,1259,0.9902023673057556,0.9801429510116577,-0.0100594162940979,-0.010175374159374887,-0.01822310501291262,-0.0029468601065221066,-1281.0889892578125,1.0
favorite >= 99%,0.99,mma_boxing,dev,70,0.9900810122489929,0.9857142567634583,-0.004366755485534668,-0.004550142539665103,-0.033475623558541494,0.009958198906055519,-31.841577529907227,1.0
favorite >= 99%,0.99,mma_boxing,holdout,30,0.9899999499320984,1.0,0.010000050067901611,0.009636587277054787,0.009609672799706459,0.009663501754403114,28.923046112060547,1.0
favorite >= 99%,0.99,mma_boxing,all,100,0.9900566339492798,0.9900000095367432,-5.6624412536621094e-05,-0.00029412359464913606,-0.020616261313320138,0.00986167175252922,-2.9185519218444824,1.0
favorite >= 99%,0.99,other,dev,72,0.9900786876678467,0.9861111044883728,-0.003967583179473877,-0.004008255291005803,-0.03463398399249212,0.010101012885570526,-28.85943603515625,1.0
favorite >= 99%,0.99,other,all,77,0.9900734424591064,0.9870129823684692,-0.003060460090637207,-0.00311698347281713,-0.03385231665376088,0.01007608133636974,-23.998929977416992,1.0
favorite >= 99%,0.99,ALL,dev,11581,0.9902360439300537,0.9851480722427368,-0.0050879716873168945,-0.005240096196106998,-0.007595135332399575,-0.0030473123710509013,-6069.126953125,0.9904153354632588
favorite >= 99%,0.99,ALL,holdout,3371,0.99027019739151,0.9875407814979553,-0.0027294158935546875,-0.003214073501962719,-0.007131185539037045,0.0004415012838913899,-1084.0548095703125,0.995550281815485
favorite >= 99%,0.99,ALL,all,14952,0.9902437925338745,0.9856875538825989,-0.004556238651275635,-0.004783319677784341,-0.006773226884423327,-0.002830685738047071,-7153.18212890625,0.9915730337078652
